,N3n_LON,N3n_LAT,N3n_DATE,N3n_NAME,Qc
0,29.393,33.92,2017-01-01 00:00:00,6901766,2.0
1,26.137,34.162,2017-01-02 00:00:00,6903204,-9999.0
2,26.535,33.017,2017-01-03 00:00:00,6901770,1.0
3,17.084,34.806,2017-01-04 00:00:00,6903153,-9999.0
4,16.886,42.029,2017-01-05 00:00:00,6903178,-9999.0
5,17.639,36.848,2017-01-05 00:00:00,6901771,1.0
6,17.445,41.847,2017-01-06 00:00:00,6903197,-9999.0
7,26.08,33.918,2017-01-07 00:00:00,6903204,-9999.0
8,30.677,32.903,2017-01-07 00:00:00,6901773,2.0
9,10.382,40.747,2017-01-09 00:00:00,6901767,1.0
10,16.993,34.899,2017-01-09 00:00:00,6903153,-9999.0
11,26.445,32.919,2017-01-10 00:00:00,6901770,1.0
12,17.376,41.611,2017-01-11 00:00:00,6903197,-9999.0
13,17.643,36.767,2017-01-12 00:00:00,6901771,1.0
14,26.024,33.674,2017-01-12 00:00:00,6903204,-9999.0
15,16.925,34.907,2017-01-14 00:00:00,6903153,-9999.0
16,30.75,32.93,2017-01-14 00:00:00,6901773,2.0
17,10.377,40.696,2017-01-16 00:00:00,6901767,1.0
18,26.466,32.916,2017-01-17 00:00:00,6901770,1.0
19,16.899,34.835,2017-01-19 00:00:00,6903153,-9999.0
20,17.598,36.718,2017-01-19 00:00:00,6901771,1.0
21,30.79,32.989,2017-01-21 00:00:00,6901773,2.0
22,10.378,40.664,2017-01-23 00:00:00,6901767,1.0
23,16.826,34.74,2017-01-24 00:00:00,6903153,-9999.0
24,16.758,41.571,2017-01-25 00:00:00,6903178,-9999.0
25,17.597,36.67,2017-01-26 00:00:00,6901771,1.0
26,17.845,41.364,2017-01-26 00:00:00,6903197,-9999.0
27,30.871,32.984,2017-01-28 00:00:00,6901773,2.0
28,16.84,34.813,2017-01-29 00:00:00,6903153,-9999.0
29,10.435,40.699,2017-01-30 00:00:00,6901767,1.0
30,16.862,34.785,2017-02-03 00:00:00,6903153,-9999.0
31,16.759,41.573,2017-02-04 00:00:00,6903178,-9999.0
32,30.972,33.04,2017-02-04 00:00:00,6901773,2.0
33,17.922,41.373,2017-02-05 00:00:00,6903197,-9999.0
34,29.785,34.161,2017-02-05 00:00:00,6901766,2.0
35,25.942,33.81,2017-02-06 00:00:00,6903204,-9999.0
36,10.503,39.239,2017-02-07 00:00:00,6901769,1.0
37,16.921,34.744,2017-02-08 00:00:00,6903153,-9999.0
38,16.761,41.573,2017-02-09 00:00:00,6903178,-9999.0
39,17.49,36.749,2017-02-09 00:00:00,6901771,1.0
40,18.137,41.174,2017-02-10 00:00:00,6903197,-9999.0
41,31.013,33.089,2017-02-11 00:00:00,6901773,2.0
42,10.578,40.704,2017-02-13 00:00:00,6901767,1.0
43,16.984,34.742,2017-02-13 00:00:00,6903153,-9999.0
44,16.764,41.565,2017-02-14 00:00:00,6903178,-9999.0
45,17.525,36.834,2017-02-16 00:00:00,6901771,1.0
46,30.518,34.308,2017-02-16 00:00:00,6901764,1.0
47,17.041,34.867,2017-02-18 00:00:00,6903153,-9999.0
48,31.0,33.101,2017-02-18 00:00:00,6901773,2.0
49,16.769,41.559,2017-02-19 00:00:00,6903178,-9999.0
50,9.955,39.377,2017-02-20 00:00:00,6903180,-9999.0
51,10.53,40.775,2017-02-20 00:00:00,6901767,1.0
52,26.741,33.199,2017-02-21 00:00:00,6901770,1.0
53,17.173,35.242,2017-02-23 00:00:00,6903153,-9999.0
54,17.655,36.837,2017-02-23 00:00:00,6901771,1.0
55,30.335,34.393,2017-02-23 00:00:00,6901764,1.0
56,16.776,41.556,2017-02-24 00:00:00,6903178,-9999.0
57,9.938,39.205,2017-02-25 00:00:00,6903180,-9999.0
58,30.951,33.02,2017-02-25 00:00:00,6901773,2.0
59,10.512,40.813,2017-02-27 00:00:00,6901767,1.0
60,10.304,39.173,2017-02-28 00:00:00,6901769,1.0
61,17.13,35.333,2017-02-28 00:00:00,6903153,-9999.0
62,26.74,33.138,2017-02-28 00:00:00,6901770,1.0
63,16.78,41.555,2017-03-01 00:00:00,6903178,-9999.0
64,9.848,39.106,2017-03-02 00:00:00,6903180,-9999.0
65,17.67,36.716,2017-03-02 00:00:00,6901771,1.0
66,29.974,34.527,2017-03-02 00:00:00,6901764,1.0
67,31.024,32.987,2017-03-04 00:00:00,6901773,2.0
68,17.164,35.413,2017-03-05 00:00:00,6903153,-9999.0
69,10.487,40.819,2017-03-06 00:00:00,6901767,1.0
70,16.785,41.557,2017-03-06 00:00:00,6903178,-9999.0
71,9.728,39.06,2017-03-07 00:00:00,6903180,-9999.0
72,10.26,39.0,2017-03-07 00:00:00,6901769,1.0
73,26.557,33.308,2017-03-07 00:00:00,6901770,1.0
74,26.158,34.246,2017-03-08 00:00:00,6903204,-9999.0
75,17.533,36.677,2017-03-09 00:00:00,6901771,1.0
76,29.639,34.572,2017-03-09 00:00:00,6901764,1.0
77,7.884,42.683,2017-03-10 00:00:00,6902733,1.0
78,17.22,35.58,2017-03-10 00:00:00,6903153,-9999.0
79,16.791,41.55,2017-03-11 00:00:00,6903178,-9999.0
80,31.001,32.998,2017-03-11 00:00:00,6901773,2.0
81,9.701,39.012,2017-03-12 00:00:00,6903180,-9999.0
82,10.441,40.824,2017-03-13 00:00:00,6901767,1.0
83,26.309,34.098,2017-03-13 00:00:00,6903204,-9999.0
84,21.998,35.798,2017-03-14 00:00:00,6903203,-9999.0
85,17.197,35.874,2017-03-15 00:00:00,6903153,-9999.0
86,34.006,32.228,2017-03-15 00:00:00,6903222,-9999.0
87,16.796,41.543,2017-03-16 00:00:00,6903178,-9999.0
88,17.442,36.675,2017-03-16 00:00:00,6901771,1.0
89,29.324,34.614,2017-03-16 00:00:00,6901764,1.0
90,8.077,42.634,2017-03-17 00:00:00,6902733,1.0
91,9.662,38.961,2017-03-17 00:00:00,6903180,-9999.0
92,33.988,32.256,2017-03-17 00:00:00,6903222,-9999.0
93,31.231,32.937,2017-03-18 00:00:00,6901773,2.0
94,10.321,40.619,2017-03-20 00:00:00,6901767,1.0
95,17.088,35.948,2017-03-20 00:00:00,6903153,-9999.0
96,23.384,35.107,2017-03-20 00:00:00,6901765,1.0
97,6.079,41.567,2017-03-21 00:00:00,6902687,-9999.0
98,16.796,41.536,2017-03-21 00:00:00,6903178,-9999.0
99,9.618,38.923,2017-03-22 00:00:00,6903180,-9999.0
100,17.327,36.683,2017-03-23 00:00:00,6901771,1.0
101,25.217,33.459,2017-03-23 00:00:00,6903204,-9999.0
102,29.059,34.641,2017-03-23 00:00:00,6901764,1.0
103,17.16,35.939,2017-03-25 00:00:00,6903153,-9999.0
104,31.341,33.08,2017-03-25 00:00:00,6901773,2.0
105,5.828,41.439,2017-03-26 00:00:00,6902687,-9999.0
106,9.505,38.856,2017-03-27 00:00:00,6903180,-9999.0
107,10.312,40.512,2017-03-27 00:00:00,6901767,1.0
108,23.095,35.298,2017-03-27 00:00:00,6901765,1.0
109,17.119,35.986,2017-03-30 00:00:00,6903153,-9999.0
110,17.185,36.783,2017-03-30 00:00:00,6901771,1.0
111,29.179,34.566,2017-03-30 00:00:00,6901764,1.0
112,5.48,41.412,2017-03-31 00:00:00,6902687,-9999.0
113,7.837,42.503,2017-03-31 00:00:00,6902733,1.0
114,9.332,38.755,2017-04-01 00:00:00,6903180,-9999.0
115,31.117,33.269,2017-04-01 00:00:00,6901773,2.0
116,33.724,32.48,2017-04-01 00:00:00,6903222,-9999.0
117,29.868,33.08,2017-04-02 00:00:00,6901766,2.0
118,10.301,40.504,2017-04-03 00:00:00,6901767,1.0
119,22.807,35.515,2017-04-03 00:00:00,6901765,1.0
120,16.922,35.947,2017-04-04 00:00:00,6903153,-9999.0
121,5.031,41.456,2017-04-05 00:00:00,6902687,-9999.0
122,9.15,38.672,2017-04-06 00:00:00,6903180,-9999.0
123,17.132,36.86,2017-04-06 00:00:00,6901771,1.0
124,29.264,34.505,2017-04-06 00:00:00,6901764,1.0
125,7.516,42.411,2017-04-07 00:00:00,6902733,1.0
126,25.132,33.176,2017-04-07 00:00:00,6903204,-9999.0
127,20.856,36.392,2017-04-08 00:00:00,6901768,1.0
128,21.916,35.542,2017-04-08 00:00:00,6903203,-9999.0
129,30.748,33.372,2017-04-08 00:00:00,6901773,2.0
130,16.813,35.912,2017-04-09 00:00:00,6903153,-9999.0
131,29.58,32.971,2017-04-09 00:00:00,6901766,2.0
132,5.141,41.51,2017-04-10 00:00:00,6902687,-9999.0
133,10.289,40.499,2017-04-10 00:00:00,6901767,1.0
134,22.716,35.598,2017-04-10 00:00:00,6901765,1.0
135,9.129,38.661,2017-04-11 00:00:00,6903180,-9999.0
136,33.864,32.609,2017-04-11 00:00:00,6903222,-9999.0
137,25.321,33.159,2017-04-12 00:00:00,6903204,-9999.0
138,17.132,36.999,2017-04-13 00:00:00,6901771,1.0
139,21.949,35.626,2017-04-13 00:00:00,6903203,-9999.0
140,29.05,34.68,2017-04-13 00:00:00,6901764,1.0
141,5.255,41.695,2017-04-15 00:00:00,6902687,-9999.0
142,20.628,36.236,2017-04-15 00:00:00,6901768,1.0
143,30.772,33.267,2017-04-15 00:00:00,6901773,2.0
144,9.055,38.581,2017-04-16 00:00:00,6903180,-9999.0
145,29.292,32.953,2017-04-16 00:00:00,6901766,2.0
146,33.86,32.617,2017-04-16 00:00:00,6903222,-9999.0
147,10.268,40.495,2017-04-17 00:00:00,6901767,1.0
148,22.599,35.695,2017-04-17 00:00:00,6901765,1.0
149,25.54,33.225,2017-04-17 00:00:00,6903204,-9999.0
150,5.438,41.544,2017-04-20 00:00:00,6902687,-9999.0
151,17.151,37.153,2017-04-20 00:00:00,6901771,1.0
152,28.912,34.681,2017-04-20 00:00:00,6901764,1.0
153,7.948,42.453,2017-04-21 00:00:00,6902733,1.0
154,8.852,38.51,2017-04-21 00:00:00,6903180,-9999.0
155,33.736,32.553,2017-04-21 00:00:00,6903222,-9999.0
156,20.352,36.391,2017-04-22 00:00:00,6901768,1.0
157,25.59,33.377,2017-04-22 00:00:00,6903204,-9999.0
158,31.189,33.166,2017-04-22 00:00:00,6901773,2.0
159,29.256,32.793,2017-04-23 00:00:00,6901766,2.0
160,10.216,40.478,2017-04-24 00:00:00,6901767,1.0
161,22.396,35.697,2017-04-24 00:00:00,6901765,1.0
162,5.487,41.489,2017-04-25 00:00:00,6902687,-9999.0
163,9.831,38.682,2017-04-25 00:00:00,6901769,1.0
164,33.642,32.642,2017-04-26 00:00:00,6903222,-9999.0
165,17.179,37.281,2017-04-27 00:00:00,6901771,1.0
166,25.339,33.55,2017-04-27 00:00:00,6903204,-9999.0
167,28.826,34.639,2017-04-27 00:00:00,6901764,1.0
168,20.324,36.572,2017-04-29 00:00:00,6901768,1.0
169,31.011,33.118,2017-04-29 00:00:00,6901773,2.0
170,5.624,41.537,2017-04-30 00:00:00,6902687,-9999.0
171,16.807,41.512,2017-04-30 00:00:00,6903178,-9999.0
172,29.346,32.953,2017-04-30 00:00:00,6901766,2.0
173,10.218,40.511,2017-05-01 00:00:00,6901767,1.0
174,22.203,35.613,2017-05-01 00:00:00,6901765,1.0
175,33.549,32.647,2017-05-01 00:00:00,6903222,-9999.0
176,26.929,34.281,2017-05-02 00:00:00,6901770,1.0
177,17.341,37.406,2017-05-04 00:00:00,6901771,1.0
178,28.849,34.513,2017-05-04 00:00:00,6901764,1.0
179,5.88,41.469,2017-05-05 00:00:00,6902687,-9999.0
180,20.538,36.652,2017-05-06 00:00:00,6901768,1.0
181,30.735,33.214,2017-05-06 00:00:00,6901773,2.0
182,33.518,32.661,2017-05-06 00:00:00,6903222,-9999.0
183,25.79,33.783,2017-05-07 00:00:00,6903204,-9999.0
184,29.707,32.918,2017-05-07 00:00:00,6901766,2.0
185,10.217,40.528,2017-05-08 00:00:00,6901767,1.0
186,22.095,35.558,2017-05-08 00:00:00,6901765,1.0
187,16.596,35.751,2017-05-09 00:00:00,6903153,-9999.0
188,26.992,34.088,2017-05-09 00:00:00,6901770,1.0
189,6.167,41.449,2017-05-10 00:00:00,6902687,-9999.0
190,17.63,37.444,2017-05-11 00:00:00,6901771,1.0
191,28.976,34.443,2017-05-11 00:00:00,6901764,1.0
192,8.188,42.426,2017-05-12 00:00:00,6902733,1.0
193,25.49,34.175,2017-05-12 00:00:00,6903204,-9999.0
194,20.688,36.403,2017-05-13 00:00:00,6901768,1.0
195,30.732,33.187,2017-05-13 00:00:00,6901773,2.0
196,30.05,33.087,2017-05-14 00:00:00,6901766,2.0
197,10.231,40.479,2017-05-15 00:00:00,6901767,1.0
198,22.042,35.573,2017-05-15 00:00:00,6901765,1.0
199,26.891,34.111,2017-05-16 00:00:00,6901770,1.0
200,33.498,32.577,2017-05-16 00:00:00,6903222,-9999.0
201,25.535,34.001,2017-05-17 00:00:00,6903204,-9999.0
202,17.763,37.788,2017-05-18 00:00:00,6901771,1.0
203,28.975,34.54,2017-05-18 00:00:00,6901764,1.0
204,17.708,37.827,2017-05-19 00:00:00,6901771,1.0
205,17.67,37.848,2017-05-20 00:00:00,6901771,1.0
206,20.41,36.317,2017-05-20 00:00:00,6901768,1.0
207,17.641,37.847,2017-05-21 00:00:00,6901771,1.0
208,30.358,32.953,2017-05-21 00:00:00,6901766,2.0
209,33.444,32.578,2017-05-21 00:00:00,6903222,-9999.0
210,10.2,40.386,2017-05-22 00:00:00,6901767,1.0
211,17.601,37.838,2017-05-22 00:00:00,6901771,1.0
212,21.875,35.738,2017-05-22 00:00:00,6901765,1.0
213,25.59,33.916,2017-05-22 00:00:00,6903204,-9999.0
214,17.574,37.829,2017-05-23 00:00:00,6901771,1.0
215,14.634,39.439,2017-05-24 00:00:00,6903225,-9999.0
216,28.791,34.543,2017-05-25 00:00:00,6901764,1.0
217,33.418,32.561,2017-05-26 00:00:00,6903222,-9999.0
218,19.869,35.413,2017-05-27 00:00:00,6902828,-9999.0
219,20.187,36.408,2017-05-27 00:00:00,6901768,1.0
220,25.801,33.808,2017-05-27 00:00:00,6903204,-9999.0
221,31.148,33.349,2017-05-27 00:00:00,6901773,2.0
222,19.883,35.411,2017-05-28 00:00:00,6902828,-9999.0
223,30.098,32.844,2017-05-28 00:00:00,6901766,2.0
224,10.184,40.292,2017-05-29 00:00:00,6901767,1.0
225,19.918,35.411,2017-05-29 00:00:00,6902828,-9999.0
226,21.486,35.829,2017-05-29 00:00:00,6901765,1.0
227,19.957,35.414,2017-05-30 00:00:00,6902828,-9999.0
228,26.612,34.316,2017-05-30 00:00:00,6901770,1.0
229,20.002,35.429,2017-05-31 00:00:00,6902828,-9999.0
230,33.474,32.543,2017-05-31 00:00:00,6903222,-9999.0
231,20.052,35.443,2017-06-01 00:00:00,6902828,-9999.0
232,25.874,33.98,2017-06-01 00:00:00,6903204,-9999.0
233,20.091,35.469,2017-06-02 00:00:00,6902828,-9999.0
234,20.126,36.469,2017-06-03 00:00:00,6901768,1.0
235,31.235,33.387,2017-06-03 00:00:00,6901773,2.0
236,20.161,35.552,2017-06-04 00:00:00,6902828,-9999.0
237,29.784,32.863,2017-06-04 00:00:00,6901766,2.0
238,10.225,40.323,2017-06-05 00:00:00,6901767,1.0
239,20.229,35.642,2017-06-05 00:00:00,6902828,-9999.0
240,21.303,36.021,2017-06-05 00:00:00,6901765,1.0
241,33.578,32.507,2017-06-05 00:00:00,6903222,-9999.0
242,20.308,35.783,2017-06-06 00:00:00,6902828,-9999.0
243,25.848,33.832,2017-06-06 00:00:00,6903204,-9999.0
244,26.601,34.496,2017-06-06 00:00:00,6901770,1.0
245,15.139,39.716,2017-06-07 00:00:00,6903225,-9999.0
246,20.36,35.965,2017-06-08 00:00:00,6902828,-9999.0
247,20.0,36.378,2017-06-10 00:00:00,6901768,1.0
248,20.327,36.079,2017-06-10 00:00:00,6902828,-9999.0
249,33.647,32.472,2017-06-10 00:00:00,6903222,-9999.0
250,20.269,36.097,2017-06-11 00:00:00,6902828,-9999.0
251,25.612,33.863,2017-06-11 00:00:00,6903204,-9999.0
252,29.373,32.684,2017-06-11 00:00:00,6901766,2.0
253,10.204,40.384,2017-06-12 00:00:00,6901767,1.0
254,15.402,39.738,2017-06-12 00:00:00,6903225,-9999.0
255,20.187,36.097,2017-06-12 00:00:00,6902828,-9999.0
256,21.265,36.138,2017-06-12 00:00:00,6901765,1.0
257,20.098,36.061,2017-06-13 00:00:00,6902828,-9999.0
258,26.596,34.593,2017-06-13 00:00:00,6901770,1.0
259,20.039,35.991,2017-06-14 00:00:00,6902828,-9999.0
260,20.035,35.923,2017-06-15 00:00:00,6902828,-9999.0
261,33.679,32.512,2017-06-15 00:00:00,6903222,-9999.0
262,20.071,35.888,2017-06-16 00:00:00,6902828,-9999.0
263,19.742,36.22,2017-06-17 00:00:00,6901768,1.0
264,20.135,35.89,2017-06-17 00:00:00,6902828,-9999.0
265,31.097,33.273,2017-06-17 00:00:00,6901773,2.0
266,20.218,35.931,2017-06-18 00:00:00,6902828,-9999.0
267,20.296,35.997,2017-06-19 00:00:00,6902828,-9999.0
268,21.302,36.287,2017-06-19 00:00:00,6901765,1.0
269,20.369,36.069,2017-06-20 00:00:00,6902828,-9999.0
270,26.59,34.627,2017-06-20 00:00:00,6901770,1.0
271,33.645,32.529,2017-06-20 00:00:00,6903222,-9999.0
272,20.419,36.11,2017-06-21 00:00:00,6902828,-9999.0
273,25.805,34.037,2017-06-21 00:00:00,6903204,-9999.0
274,20.463,36.14,2017-06-22 00:00:00,6902828,-9999.0
275,20.506,36.162,2017-06-23 00:00:00,6902828,-9999.0
276,19.728,36.357,2017-06-24 00:00:00,6901768,1.0
277,20.544,36.177,2017-06-24 00:00:00,6902828,-9999.0
278,30.9,33.204,2017-06-24 00:00:00,6901773,2.0
279,20.574,36.178,2017-06-25 00:00:00,6902828,-9999.0
280,33.61,32.583,2017-06-25 00:00:00,6903222,-9999.0
281,10.151,40.313,2017-06-26 00:00:00,6901767,1.0
282,20.584,36.177,2017-06-26 00:00:00,6902828,-9999.0
283,21.4,36.4,2017-06-26 00:00:00,6901765,1.0
284,9.606,38.331,2017-06-27 00:00:00,6901769,1.0
285,20.6,36.173,2017-06-27 00:00:00,6902828,-9999.0
286,26.571,34.625,2017-06-27 00:00:00,6901770,8.0
287,20.613,36.157,2017-06-28 00:00:00,6902828,-9999.0
288,20.647,36.146,2017-06-29 00:00:00,6902828,-9999.0
289,8.489,42.74,2017-06-30 00:00:00,6902733,1.0
290,20.682,36.14,2017-06-30 00:00:00,6902828,-9999.0
291,19.837,36.493,2017-07-01 00:00:00,6901768,1.0
292,20.704,36.128,2017-07-01 00:00:00,6902828,-9999.0
293,25.729,33.902,2017-07-01 00:00:00,6903204,-9999.0
294,30.893,33.052,2017-07-01 00:00:00,6901773,2.0
295,20.727,36.111,2017-07-02 00:00:00,6902828,-9999.0
296,29.276,32.634,2017-07-02 00:00:00,6901766,2.0
297,10.187,40.315,2017-07-03 00:00:00,6901767,1.0
298,20.744,36.073,2017-07-03 00:00:00,6902828,-9999.0
299,21.482,36.474,2017-07-03 00:00:00,6901765,1.0
300,20.77,36.018,2017-07-04 00:00:00,6902828,-9999.0
301,26.531,34.554,2017-07-04 00:00:00,6901770,1.0
302,20.801,35.964,2017-07-05 00:00:00,6902828,-9999.0
303,33.676,32.567,2017-07-05 00:00:00,6903222,-9999.0
304,20.834,35.893,2017-07-06 00:00:00,6902828,-9999.0
305,25.731,33.8,2017-07-06 00:00:00,6903204,-9999.0
306,27.78,34.383,2017-07-06 00:00:00,6901764,1.0
307,20.865,35.811,2017-07-07 00:00:00,6902828,-9999.0
308,19.874,36.421,2017-07-08 00:00:00,6901768,1.0
309,20.889,35.733,2017-07-08 00:00:00,6902828,-9999.0
310,31.093,33.063,2017-07-08 00:00:00,6901773,2.0
311,20.906,35.661,2017-07-09 00:00:00,6902828,-9999.0
312,29.258,32.717,2017-07-09 00:00:00,6901766,2.0
313,10.209,40.31,2017-07-10 00:00:00,6901767,1.0
314,20.918,35.601,2017-07-10 00:00:00,6902828,-9999.0
315,21.565,36.528,2017-07-10 00:00:00,6901765,8.0
316,33.777,32.546,2017-07-10 00:00:00,6903222,-9999.0
317,20.925,35.543,2017-07-11 00:00:00,6902828,-9999.0
318,25.76,33.782,2017-07-11 00:00:00,6903204,-9999.0
319,26.456,34.413,2017-07-11 00:00:00,6901770,1.0
320,5.947,40.529,2017-07-12 00:00:00,6902688,-9999.0
321,20.929,35.488,2017-07-12 00:00:00,6902828,-9999.0
322,20.919,35.444,2017-07-13 00:00:00,6902828,-9999.0
323,27.864,34.403,2017-07-13 00:00:00,6901764,1.0
324,20.91,35.416,2017-07-14 00:00:00,6902828,-9999.0
325,19.458,36.216,2017-07-15 00:00:00,6901768,1.0
326,20.91,35.404,2017-07-15 00:00:00,6902828,-9999.0
327,31.18,33.15,2017-07-15 00:00:00,6901773,2.0
328,33.857,32.566,2017-07-15 00:00:00,6903222,-9999.0
329,20.908,35.4,2017-07-16 00:00:00,6902828,-9999.0
330,25.618,33.848,2017-07-16 00:00:00,6903204,-9999.0
331,29.482,32.744,2017-07-16 00:00:00,6901766,2.0
332,5.961,40.185,2017-07-17 00:00:00,6902688,-9999.0
333,10.193,40.348,2017-07-17 00:00:00,6901767,1.0
334,20.905,35.394,2017-07-17 00:00:00,6902828,-9999.0
335,21.63,36.599,2017-07-17 00:00:00,6901765,1.0
336,9.526,38.223,2017-07-18 00:00:00,6901769,1.0
337,20.891,35.39,2017-07-18 00:00:00,6902828,-9999.0
338,26.326,34.391,2017-07-18 00:00:00,6901770,1.0
339,20.875,35.393,2017-07-19 00:00:00,6902828,-9999.0
340,20.851,35.388,2017-07-20 00:00:00,6902828,-9999.0
341,27.832,34.383,2017-07-20 00:00:00,6901764,1.0
342,33.945,32.583,2017-07-20 00:00:00,6903222,-9999.0
343,20.826,35.383,2017-07-21 00:00:00,6902828,-9999.0
344,25.755,33.936,2017-07-21 00:00:00,6903204,-9999.0
345,19.245,36.556,2017-07-22 00:00:00,6901768,1.0
346,20.802,35.37,2017-07-22 00:00:00,6902828,-9999.0
347,31.146,33.155,2017-07-22 00:00:00,6901773,2.0
348,20.77,35.354,2017-07-23 00:00:00,6902828,-9999.0
349,29.377,32.673,2017-07-23 00:00:00,6901766,2.0
350,10.199,40.364,2017-07-24 00:00:00,6901767,1.0
351,20.735,35.337,2017-07-24 00:00:00,6902828,-9999.0
352,21.667,36.631,2017-07-24 00:00:00,6901765,1.0
353,20.69,35.314,2017-07-25 00:00:00,6902828,-9999.0
354,26.369,34.443,2017-07-25 00:00:00,6901770,1.0
355,33.996,32.564,2017-07-25 00:00:00,6903222,-9999.0
356,20.648,35.281,2017-07-26 00:00:00,6902828,-9999.0
357,25.663,33.944,2017-07-26 00:00:00,6903204,-9999.0
358,20.594,35.245,2017-07-27 00:00:00,6902828,-9999.0
359,27.755,34.372,2017-07-27 00:00:00,6901764,1.0
360,20.536,35.219,2017-07-28 00:00:00,6902828,-9999.0
361,19.267,36.759,2017-07-29 00:00:00,6901768,1.0
362,20.468,35.202,2017-07-29 00:00:00,6902828,-9999.0
363,31.133,33.05,2017-07-29 00:00:00,6901773,2.0
364,20.395,35.189,2017-07-30 00:00:00,6902828,-9999.0
365,29.06,32.663,2017-07-30 00:00:00,6901766,2.0
366,34.071,32.532,2017-07-30 00:00:00,6903222,-9999.0
367,10.21,40.34,2017-07-31 00:00:00,6901767,1.0
368,20.322,35.173,2017-07-31 00:00:00,6902828,-9999.0
369,21.645,36.627,2017-07-31 00:00:00,6901765,8.0
370,25.674,33.954,2017-07-31 00:00:00,6903204,-9999.0
371,6.624,39.745,2017-08-01 00:00:00,6902688,-9999.0
372,9.423,38.21,2017-08-01 00:00:00,6901769,1.0
373,20.262,35.158,2017-08-01 00:00:00,6902828,-9999.0
374,26.445,34.428,2017-08-01 00:00:00,6901770,1.0
375,20.215,35.151,2017-08-02 00:00:00,6902828,-9999.0
376,20.178,35.139,2017-08-03 00:00:00,6902828,-9999.0
377,27.843,34.458,2017-08-03 00:00:00,6901764,1.0
378,20.151,35.129,2017-08-04 00:00:00,6902828,-9999.0
379,34.043,32.482,2017-08-04 00:00:00,6903222,-9999.0
380,19.325,36.906,2017-08-05 00:00:00,6901768,1.0
381,20.136,35.117,2017-08-05 00:00:00,6902828,-9999.0
382,25.667,33.998,2017-08-05 00:00:00,6903204,-9999.0
383,31.211,32.998,2017-08-05 00:00:00,6901773,2.0
384,6.828,39.803,2017-08-06 00:00:00,6902688,-9999.0
385,20.121,35.1,2017-08-06 00:00:00,6902828,-9999.0
386,28.8,32.622,2017-08-06 00:00:00,6901766,2.0
387,20.109,35.082,2017-08-07 00:00:00,6902828,-9999.0
388,21.625,36.611,2017-08-07 00:00:00,6901765,1.0
389,9.433,38.235,2017-08-08 00:00:00,6901769,1.0
390,20.096,35.063,2017-08-08 00:00:00,6902828,-9999.0
391,26.426,34.453,2017-08-08 00:00:00,6901770,8.0
392,20.082,35.048,2017-08-09 00:00:00,6902828,-9999.0
393,34.093,32.467,2017-08-09 00:00:00,6903222,-9999.0
394,20.067,35.032,2017-08-10 00:00:00,6902828,-9999.0
395,25.672,34.005,2017-08-10 00:00:00,6903204,-9999.0
396,27.906,34.46,2017-08-10 00:00:00,6901764,1.0
397,6.838,39.804,2017-08-11 00:00:00,6902688,-9999.0
398,20.044,35.027,2017-08-11 00:00:00,6902828,-9999.0
399,19.339,37.033,2017-08-12 00:00:00,6901768,1.0
400,20.03,35.023,2017-08-12 00:00:00,6902828,-9999.0
401,31.072,32.966,2017-08-12 00:00:00,6901773,2.0
402,20.011,35.006,2017-08-13 00:00:00,6902828,-9999.0
403,28.816,32.689,2017-08-13 00:00:00,6901766,2.0
404,10.386,40.235,2017-08-14 00:00:00,6901767,1.0
405,19.982,34.987,2017-08-14 00:00:00,6902828,-9999.0
406,21.594,36.602,2017-08-14 00:00:00,6901765,1.0
407,34.142,32.448,2017-08-14 00:00:00,6903222,-9999.0
408,9.399,38.191,2017-08-15 00:00:00,6901769,1.0
409,19.954,34.974,2017-08-15 00:00:00,6902828,-9999.0
410,25.654,33.906,2017-08-15 00:00:00,6903204,-9999.0
411,26.345,34.451,2017-08-15 00:00:00,6901770,1.0
412,6.911,39.822,2017-08-16 00:00:00,6902688,-9999.0
413,19.93,34.968,2017-08-16 00:00:00,6902828,-9999.0
414,19.913,34.958,2017-08-17 00:00:00,6902828,-9999.0
415,27.92,34.443,2017-08-17 00:00:00,6901764,1.0
416,19.895,34.946,2017-08-18 00:00:00,6902828,-9999.0
417,19.363,37.09,2017-08-19 00:00:00,6901768,1.0
418,19.879,34.937,2017-08-19 00:00:00,6902828,-9999.0
419,31.239,32.933,2017-08-19 00:00:00,6901773,2.0
420,34.211,32.439,2017-08-19 00:00:00,6903222,-9999.0
421,19.867,34.938,2017-08-20 00:00:00,6902828,-9999.0
422,28.939,32.786,2017-08-20 00:00:00,6901766,2.0
423,6.982,39.845,2017-08-21 00:00:00,6902688,-9999.0
424,10.452,40.217,2017-08-21 00:00:00,6901767,1.0
425,19.877,34.936,2017-08-21 00:00:00,6902828,-9999.0
426,21.585,36.628,2017-08-21 00:00:00,6901765,1.0
427,9.132,38.168,2017-08-22 00:00:00,6901769,1.0
428,19.884,34.931,2017-08-22 00:00:00,6902828,-9999.0
429,26.355,34.486,2017-08-22 00:00:00,6901770,1.0
430,19.889,34.921,2017-08-23 00:00:00,6902828,-9999.0
431,19.903,34.908,2017-08-24 00:00:00,6902828,-9999.0
432,27.927,34.426,2017-08-24 00:00:00,6901764,1.0
433,34.224,32.406,2017-08-24 00:00:00,6903222,-9999.0
434,9.035,42.827,2017-08-25 00:00:00,6902733,1.0
435,19.922,34.895,2017-08-25 00:00:00,6902828,-9999.0
436,25.533,34.15,2017-08-25 00:00:00,6903204,-9999.0
437,7.052,39.731,2017-08-26 00:00:00,6902688,-9999.0
438,19.345,37.092,2017-08-26 00:00:00,6901768,1.0
439,19.946,34.877,2017-08-26 00:00:00,6902828,-9999.0
440,31.465,33.116,2017-08-26 00:00:00,6901773,2.0
441,16.218,37.68,2017-08-27 00:00:00,6903153,-9999.0
442,19.975,34.849,2017-08-27 00:00:00,6902828,-9999.0
443,28.649,32.94,2017-08-27 00:00:00,6901766,2.0
444,10.532,40.216,2017-08-28 00:00:00,6901767,1.0
445,21.666,36.606,2017-08-28 00:00:00,6901765,1.0
446,8.943,38.146,2017-08-29 00:00:00,6901769,1.0
447,26.379,34.558,2017-08-29 00:00:00,6901770,1.0
448,34.226,32.362,2017-08-29 00:00:00,6903222,-9999.0
449,7.185,39.695,2017-08-31 00:00:00,6902688,-9999.0
450,27.994,34.409,2017-08-31 00:00:00,6901764,8.0
451,16.5,37.79,2017-09-01 00:00:00,6903153,-9999.0
452,19.367,37.031,2017-09-02 00:00:00,6901768,1.0
453,31.665,33.258,2017-09-02 00:00:00,6901773,2.0
454,28.331,33.185,2017-09-03 00:00:00,6901766,2.0
455,34.186,32.252,2017-09-03 00:00:00,6903222,-9999.0
456,10.532,40.276,2017-09-04 00:00:00,6901767,1.0
457,21.801,36.543,2017-09-04 00:00:00,6901765,1.0
458,7.243,39.656,2017-09-05 00:00:00,6902688,-9999.0
459,8.913,38.123,2017-09-05 00:00:00,6901769,8.0
460,26.427,34.573,2017-09-05 00:00:00,6901770,1.0
461,16.619,37.941,2017-09-06 00:00:00,6903153,-9999.0
462,16.862,41.433,2017-09-07 00:00:00,6903178,-9999.0
463,28.001,34.422,2017-09-07 00:00:00,6901764,1.0
464,9.067,42.821,2017-09-08 00:00:00,6902733,1.0
465,34.109,32.242,2017-09-08 00:00:00,6903222,-9999.0
466,19.497,36.996,2017-09-09 00:00:00,6901768,1.0
467,25.491,34.157,2017-09-09 00:00:00,6903204,-9999.0
468,31.604,33.224,2017-09-09 00:00:00,6901773,2.0
469,7.264,39.594,2017-09-10 00:00:00,6902688,-9999.0
470,28.025,33.325,2017-09-10 00:00:00,6901766,2.0
471,10.459,40.357,2017-09-11 00:00:00,6901767,1.0
472,16.936,38.099,2017-09-11 00:00:00,6903153,-9999.0
473,21.957,36.483,2017-09-11 00:00:00,6901765,1.0
474,16.87,41.425,2017-09-12 00:00:00,6903178,-9999.0
475,26.429,34.582,2017-09-12 00:00:00,6901770,1.0
476,34.044,32.238,2017-09-13 00:00:00,6903222,-9999.0
477,28.204,34.442,2017-09-14 00:00:00,6901764,1.0
478,7.719,43.456,2017-09-15 00:00:00,6902803,-9999.0
479,9.067,42.815,2017-09-15 00:00:00,6902733,1.0
480,17.196,38.116,2017-09-16 00:00:00,6903153,-9999.0
481,19.612,36.969,2017-09-16 00:00:00,6901768,1.0
482,31.583,33.23,2017-09-16 00:00:00,6901773,2.0
483,16.879,41.42,2017-09-17 00:00:00,6903178,-9999.0
484,27.613,33.171,2017-09-17 00:00:00,6901766,2.0
485,10.431,40.407,2017-09-18 00:00:00,6901767,1.0
486,22.079,36.407,2017-09-18 00:00:00,6901765,1.0
487,34.041,32.204,2017-09-18 00:00:00,6903222,-9999.0
488,8.967,38.046,2017-09-19 00:00:00,6901769,1.0
489,25.631,34.229,2017-09-19 00:00:00,6903204,-9999.0
490,26.392,34.578,2017-09-19 00:00:00,6901770,1.0
491,7.676,43.441,2017-09-20 00:00:00,6902803,-9999.0
492,17.59,38.042,2017-09-21 00:00:00,6903153,-9999.0
493,28.163,34.397,2017-09-21 00:00:00,6901764,1.0
494,9.124,42.839,2017-09-22 00:00:00,6902733,1.0
495,19.722,36.931,2017-09-23 00:00:00,6901768,1.0
496,31.802,33.288,2017-09-23 00:00:00,6901773,2.0
497,34.042,32.139,2017-09-23 00:00:00,6903222,-9999.0
498,25.367,34.196,2017-09-24 00:00:00,6903204,-9999.0
499,27.212,32.894,2017-09-24 00:00:00,6901766,2.0
500,10.427,40.448,2017-09-25 00:00:00,6901767,1.0
501,22.193,36.325,2017-09-25 00:00:00,6901765,1.0
502,8.946,38.087,2017-09-26 00:00:00,6901769,1.0
503,26.354,34.591,2017-09-26 00:00:00,6901770,1.0
504,28.159,34.411,2017-09-28 00:00:00,6901764,1.0
505,33.952,32.095,2017-09-28 00:00:00,6903222,-9999.0
506,9.141,42.841,2017-09-29 00:00:00,6902733,1.0
507,25.567,34.274,2017-09-29 00:00:00,6903204,-9999.0
508,7.568,43.435,2017-09-30 00:00:00,6902803,-9999.0
509,19.837,36.958,2017-09-30 00:00:00,6901768,1.0
510,31.761,33.353,2017-09-30 00:00:00,6901773,2.0
511,26.683,32.713,2017-10-01 00:00:00,6901766,2.0
512,10.373,40.537,2017-10-02 00:00:00,6901767,1.0
513,22.249,36.254,2017-10-02 00:00:00,6901765,1.0
514,8.859,38.078,2017-10-03 00:00:00,6901769,1.0
515,26.33,34.625,2017-10-03 00:00:00,6901770,1.0
516,25.488,34.176,2017-10-04 00:00:00,6903204,-9999.0
517,28.149,34.453,2017-10-05 00:00:00,6901764,1.0
518,18.213,38.727,2017-10-06 00:00:00,6903153,-9999.0
519,19.88,37.019,2017-10-07 00:00:00,6901768,1.0
520,31.825,33.366,2017-10-07 00:00:00,6901773,2.0
521,26.205,32.504,2017-10-08 00:00:00,6901766,2.0
522,10.371,40.618,2017-10-09 00:00:00,6901767,1.0
523,22.319,36.178,2017-10-09 00:00:00,6901765,1.0
524,25.484,34.272,2017-10-09 00:00:00,6903204,-9999.0
525,8.895,38.0,2017-10-10 00:00:00,6901769,1.0
526,26.321,34.637,2017-10-10 00:00:00,6901770,1.0
527,18.246,39.04,2017-10-11 00:00:00,6903153,-9999.0
528,28.188,34.529,2017-10-12 00:00:00,6901764,1.0
529,4.051,41.579,2017-10-13 00:00:00,6902804,-9999.0
530,9.153,42.835,2017-10-13 00:00:00,6902733,1.0
531,19.827,37.093,2017-10-14 00:00:00,6901768,1.0
532,25.428,34.328,2017-10-14 00:00:00,6903204,-9999.0
533,31.905,33.387,2017-10-14 00:00:00,6901773,2.0
534,7.717,40.053,2017-10-15 00:00:00,6902688,-9999.0
535,25.906,32.266,2017-10-15 00:00:00,6901766,2.0
536,10.375,40.685,2017-10-16 00:00:00,6901767,1.0
537,18.122,39.169,2017-10-16 00:00:00,6903153,-9999.0
538,22.355,36.083,2017-10-16 00:00:00,6901765,1.0
539,8.944,37.962,2017-10-17 00:00:00,6901769,1.0
540,26.334,34.674,2017-10-17 00:00:00,6901770,1.0
541,28.078,34.568,2017-10-19 00:00:00,6901764,1.0
542,9.151,42.828,2017-10-20 00:00:00,6902733,1.0
543,18.162,39.248,2017-10-21 00:00:00,6903153,-9999.0
544,19.748,37.167,2017-10-21 00:00:00,6901768,1.0
545,32.106,33.438,2017-10-21 00:00:00,6901773,2.0
546,26.095,32.092,2017-10-22 00:00:00,6901766,2.0
547,4.099,41.612,2017-10-23 00:00:00,6902804,-9999.0
548,10.392,40.73,2017-10-23 00:00:00,6901767,1.0
549,22.381,36.01,2017-10-23 00:00:00,6901765,1.0
550,33.788,31.883,2017-10-23 00:00:00,6903222,-9999.0
551,8.959,37.947,2017-10-24 00:00:00,6901769,1.0
552,25.279,34.318,2017-10-24 00:00:00,6903204,-9999.0
553,26.27,34.668,2017-10-24 00:00:00,6901770,1.0
554,7.73,40.082,2017-10-25 00:00:00,6902688,-9999.0
555,28.058,34.597,2017-10-26 00:00:00,6901764,1.0
556,8.704,43.106,2017-10-27 00:00:00,6902687,-9999.0
557,9.193,42.864,2017-10-27 00:00:00,6902733,1.0
558,19.664,37.224,2017-10-28 00:00:00,6901768,1.0
559,32.208,33.538,2017-10-28 00:00:00,6901773,2.0
560,33.702,31.863,2017-10-28 00:00:00,6903222,-9999.0
561,25.38,34.357,2017-10-29 00:00:00,6903204,-9999.0
562,26.578,31.9,2017-10-29 00:00:00,6901766,2.0
563,7.729,39.957,2017-10-30 00:00:00,6902688,-9999.0
564,10.424,40.799,2017-10-30 00:00:00,6901767,1.0
565,22.415,35.98,2017-10-30 00:00:00,6901765,1.0
566,8.943,37.944,2017-10-31 00:00:00,6901769,1.0
567,17.982,39.353,2017-10-31 00:00:00,6903153,-9999.0
568,26.122,34.622,2017-10-31 00:00:00,6901770,1.0
569,8.951,43.222,2017-11-01 00:00:00,6902687,-9999.0
570,16.884,41.393,2017-11-01 00:00:00,6903178,-9999.0
571,4.195,41.489,2017-11-02 00:00:00,6902804,-9999.0
572,28.046,34.565,2017-11-02 00:00:00,6901764,1.0
573,9.201,42.862,2017-11-03 00:00:00,6902733,1.0
574,7.776,39.802,2017-11-04 00:00:00,6902688,-9999.0
575,19.568,37.205,2017-11-04 00:00:00,6901768,1.0
576,32.186,33.555,2017-11-04 00:00:00,6901773,2.0
577,17.885,39.262,2017-11-05 00:00:00,6903153,-9999.0
578,26.952,31.77,2017-11-05 00:00:00,6901766,2.0
579,9.021,43.362,2017-11-06 00:00:00,6902687,-9999.0
580,10.436,40.846,2017-11-06 00:00:00,6901767,1.0
581,16.886,41.394,2017-11-06 00:00:00,6903178,-9999.0
582,22.474,35.96,2017-11-06 00:00:00,6901765,1.0
583,4.144,41.341,2017-11-07 00:00:00,6902804,-9999.0
584,8.93,37.91,2017-11-07 00:00:00,6901769,1.0
585,25.969,34.437,2017-11-07 00:00:00,6901770,1.0
586,7.855,39.747,2017-11-09 00:00:00,6902688,-9999.0
587,9.211,42.867,2017-11-10 00:00:00,6902733,1.0
588,17.845,39.168,2017-11-10 00:00:00,6903153,-9999.0
589,19.516,37.186,2017-11-11 00:00:00,6901768,1.0
590,32.208,33.623,2017-11-11 00:00:00,6901773,2.0
591,27.128,31.741,2017-11-12 00:00:00,6901766,2.0
592,10.466,40.901,2017-11-13 00:00:00,6901767,1.0
593,22.501,35.944,2017-11-13 00:00:00,6901765,1.0
594,25.32,34.21,2017-11-13 00:00:00,6903204,-9999.0
595,7.855,39.722,2017-11-14 00:00:00,6902688,-9999.0
596,8.966,37.924,2017-11-14 00:00:00,6901769,1.0
597,26.09,34.361,2017-11-14 00:00:00,6901770,1.0
598,17.844,39.116,2017-11-15 00:00:00,6903153,-9999.0
599,9.234,43.574,2017-11-16 00:00:00,6902687,-9999.0
600,28.28,34.372,2017-11-16 00:00:00,6901764,1.0
601,9.212,42.862,2017-11-17 00:00:00,6902733,1.0
602,19.476,37.134,2017-11-18 00:00:00,6901768,1.0
603,25.32,34.178,2017-11-18 00:00:00,6903204,-9999.0
604,6.884,43.238,2017-11-19 00:00:00,6902803,-9999.0
605,7.855,39.682,2017-11-19 00:00:00,6902688,-9999.0
606,27.156,31.712,2017-11-19 00:00:00,6901766,2.0
607,10.4,40.833,2017-11-20 00:00:00,6901767,1.0
608,17.768,39.065,2017-11-20 00:00:00,6903153,-9999.0
609,22.508,35.951,2017-11-20 00:00:00,6901765,1.0
610,8.983,37.995,2017-11-21 00:00:00,6901769,1.0
611,26.207,34.346,2017-11-21 00:00:00,6901770,1.0
612,25.322,34.343,2017-11-23 00:00:00,6903204,-9999.0
613,28.215,34.203,2017-11-23 00:00:00,6901764,1.0
614,6.826,43.181,2017-11-24 00:00:00,6902803,-9999.0
615,7.907,39.623,2017-11-24 00:00:00,6902688,-9999.0
616,19.396,37.107,2017-11-25 00:00:00,6901768,1.0
617,32.302,33.755,2017-11-25 00:00:00,6901773,2.0
618,27.238,31.652,2017-11-26 00:00:00,6901766,2.0
619,10.371,40.807,2017-11-27 00:00:00,6901767,1.0
620,22.561,35.974,2017-11-27 00:00:00,6901765,1.0
621,33.999,31.77,2017-11-27 00:00:00,6903222,-9999.0
622,8.92,38.032,2017-11-28 00:00:00,6901769,1.0
623,25.332,34.266,2017-11-28 00:00:00,6903204,-9999.0
624,26.264,34.347,2017-11-28 00:00:00,6901770,1.0
625,6.81,43.149,2017-11-29 00:00:00,6902803,-9999.0
626,7.908,39.518,2017-11-29 00:00:00,6902688,-9999.0
627,27.995,34.061,2017-11-30 00:00:00,6901764,1.0
628,19.249,37.1,2017-12-02 00:00:00,6901768,1.0
629,32.315,33.807,2017-12-02 00:00:00,6901773,2.0
630,34.011,31.795,2017-12-02 00:00:00,6903222,-9999.0
631,27.253,31.592,2017-12-03 00:00:00,6901766,2.0
632,6.821,43.084,2017-12-04 00:00:00,6902803,-9999.0
633,10.352,40.862,2017-12-04 00:00:00,6901767,1.0
634,22.574,36.058,2017-12-04 00:00:00,6901765,1.0
635,8.904,37.961,2017-12-05 00:00:00,6901769,1.0
636,26.302,34.373,2017-12-05 00:00:00,6901770,1.0
637,8.814,43.931,2017-12-06 00:00:00,6902687,-9999.0
638,27.822,34.027,2017-12-07 00:00:00,6901764,1.0
639,34.04,31.854,2017-12-07 00:00:00,6903222,-9999.0
640,9.234,42.86,2017-12-08 00:00:00,6902733,1.0
641,15.417,39.594,2017-12-09 00:00:00,6903225,-9999.0
642,32.308,33.878,2017-12-09 00:00:00,6901773,2.0
643,27.281,31.553,2017-12-10 00:00:00,6901766,2.0
644,8.676,43.929,2017-12-11 00:00:00,6902687,-9999.0
645,10.343,40.863,2017-12-11 00:00:00,6901767,1.0
646,22.465,36.16,2017-12-11 00:00:00,6901765,1.0
647,8.929,37.949,2017-12-12 00:00:00,6901769,1.0
648,34.144,31.901,2017-12-12 00:00:00,6903222,-9999.0
649,25.243,34.081,2017-12-13 00:00:00,6903204,-9999.0
650,15.403,39.631,2017-12-14 00:00:00,6903225,-9999.0
651,9.191,42.892,2017-12-15 00:00:00,6902733,1.0
652,8.715,44.005,2017-12-16 00:00:00,6902687,-9999.0
653,32.345,33.928,2017-12-16 00:00:00,6901773,2.0
654,27.169,31.568,2017-12-17 00:00:00,6901766,2.0
655,34.235,31.98,2017-12-17 00:00:00,6903222,-9999.0
656,10.382,40.812,2017-12-18 00:00:00,6901767,1.0
657,22.338,36.185,2017-12-18 00:00:00,6901765,1.0
658,25.328,34.103,2017-12-18 00:00:00,6903204,-9999.0
659,26.468,34.35,2017-12-19 00:00:00,6901770,1.0
660,8.609,43.906,2017-12-21 00:00:00,6902687,-9999.0
661,9.172,42.968,2017-12-22 00:00:00,6902733,1.0
662,34.217,32.059,2017-12-22 00:00:00,6903222,-9999.0
663,25.159,34.168,2017-12-23 00:00:00,6903204,-9999.0
664,32.425,33.961,2017-12-23 00:00:00,6901773,2.0
665,15.305,39.667,2017-12-24 00:00:00,6903225,-9999.0
666,27.132,31.605,2017-12-24 00:00:00,6901766,2.0
667,10.335,40.689,2017-12-25 00:00:00,6901767,1.0
668,8.544,43.839,2017-12-26 00:00:00,6902687,-9999.0
669,34.206,32.072,2017-12-27 00:00:00,6903222,-9999.0
670,25.31,34.158,2017-12-28 00:00:00,6903204,-9999.0
671,15.236,39.712,2017-12-29 00:00:00,6903225,-9999.0
672,32.461,33.974,2017-12-30 00:00:00,6901773,2.0
673,27.164,31.695,2017-12-31 00:00:00,6901766,2.0
674,10.358,40.646,2018-01-01 00:00:00,6901767,1.0
675,22.312,36.165,2018-01-01 00:00:00,6901765,1.0
676,25.14,34.108,2018-01-02 00:00:00,6903204,-9999.0
677,8.345,43.714,2018-01-05 00:00:00,6902687,-9999.0
678,9.216,43.112,2018-01-05 00:00:00,6902733,1.0
679,32.475,33.99,2018-01-06 00:00:00,6901773,2.0
680,25.218,34.047,2018-01-07 00:00:00,6903204,-9999.0
681,27.353,31.723,2018-01-07 00:00:00,6901766,2.0
682,22.344,36.22,2018-01-08 00:00:00,6901765,1.0
683,34.651,32.658,2018-01-11 00:00:00,6903222,-9999.0
684,9.261,43.248,2018-01-12 00:00:00,6902733,1.0
685,25.175,34.147,2018-01-12 00:00:00,6903204,-9999.0
686,32.67,34.038,2018-01-13 00:00:00,6901773,2.0
687,10.333,40.646,2018-01-15 00:00:00,6901767,1.0
688,22.206,36.265,2018-01-15 00:00:00,6901765,1.0
689,26.643,34.572,2018-01-16 00:00:00,6901770,1.0
690,34.671,32.847,2018-01-16 00:00:00,6903222,-9999.0
691,25.156,34.129,2018-01-17 00:00:00,6903204,-9999.0
692,27.471,33.608,2018-01-18 00:00:00,6901764,1.0
693,32.836,34.056,2018-01-20 00:00:00,6901773,2.0
694,22.143,36.385,2018-01-22 00:00:00,6901765,1.0
695,25.099,34.037,2018-01-22 00:00:00,6903204,-9999.0
696,34.908,33.296,2018-01-26 00:00:00,6903222,-9999.0
697,17.676,37.074,2018-01-27 00:00:00,6901768,1.0
698,25.111,33.956,2018-01-27 00:00:00,6903204,-9999.0
699,33.011,34.015,2018-01-27 00:00:00,6901773,2.0
700,22.182,36.458,2018-01-29 00:00:00,6901765,1.0
701,35.059,33.543,2018-01-31 00:00:00,6903222,-9999.0
702,25.108,34.003,2018-02-01 00:00:00,6903204,-9999.0
703,33.127,33.905,2018-02-03 00:00:00,6901773,2.0
704,10.328,40.467,2018-02-05 00:00:00,6901767,1.0
705,22.198,36.504,2018-02-05 00:00:00,6901765,1.0
706,35.127,33.559,2018-02-05 00:00:00,6903222,-9999.0
707,25.179,33.995,2018-02-06 00:00:00,6903204,-9999.0
708,26.561,34.726,2018-02-06 00:00:00,6901770,1.0
709,27.025,32.988,2018-02-08 00:00:00,6901764,1.0
710,33.18,33.744,2018-02-10 00:00:00,6901773,2.0
711,35.0,33.218,2018-02-10 00:00:00,6903222,-9999.0
712,22.268,36.441,2018-02-12 00:00:00,6901765,1.0
713,26.796,32.973,2018-02-15 00:00:00,6901764,1.0
714,34.976,33.261,2018-02-15 00:00:00,6903222,-9999.0
715,25.24,34.051,2018-02-16 00:00:00,6903204,-9999.0
716,14.33,39.92,2018-02-17 00:00:00,6903225,-9999.0
717,33.237,33.638,2018-02-17 00:00:00,6901773,2.0
718,35.018,33.271,2018-02-20 00:00:00,6903222,-9999.0
719,25.071,33.993,2018-02-21 00:00:00,6903204,-9999.0
720,14.218,40.068,2018-02-22 00:00:00,6903225,-9999.0
721,27.009,32.918,2018-02-22 00:00:00,6901764,1.0
722,17.353,36.431,2018-02-24 00:00:00,6901768,1.0
723,33.256,33.545,2018-02-24 00:00:00,6901773,2.0
724,34.941,33.362,2018-02-25 00:00:00,6903222,-9999.0
725,22.262,36.37,2018-02-26 00:00:00,6901765,1.0
726,14.08,40.081,2018-02-27 00:00:00,6903225,-9999.0
727,26.413,34.698,2018-02-27 00:00:00,6901770,1.0
728,26.904,32.892,2018-03-01 00:00:00,6901764,1.0
729,34.849,33.317,2018-03-02 00:00:00,6903222,-9999.0
730,33.327,33.487,2018-03-03 00:00:00,6901773,2.0
731,7.564,38.191,2018-03-04 00:00:00,6902688,-9999.0
732,14.087,40.036,2018-03-04 00:00:00,6903225,-9999.0
733,22.246,36.373,2018-03-05 00:00:00,6901765,1.0
734,34.933,33.375,2018-03-07 00:00:00,6903222,-9999.0
735,26.65,32.611,2018-03-08 00:00:00,6901764,1.0
736,7.363,38.173,2018-03-09 00:00:00,6902688,-9999.0
737,14.013,40.16,2018-03-09 00:00:00,6903225,-9999.0
738,17.032,36.819,2018-03-10 00:00:00,6901768,1.0
739,33.255,33.381,2018-03-10 00:00:00,6901773,2.0
740,35.072,33.508,2018-03-12 00:00:00,6903222,-9999.0
741,26.393,34.48,2018-03-13 00:00:00,6901770,1.0
742,7.16,38.166,2018-03-14 00:00:00,6902688,-9999.0
743,13.807,40.32,2018-03-14 00:00:00,6903225,-9999.0
744,26.273,32.313,2018-03-15 00:00:00,6901764,1.0
745,16.792,36.943,2018-03-17 00:00:00,6901768,1.0
746,33.19,33.435,2018-03-17 00:00:00,6901773,2.0
747,35.182,33.558,2018-03-17 00:00:00,6903222,-9999.0
748,18.202,35.422,2018-03-18 00:00:00,6903237,-9999.0
749,28.069,31.532,2018-03-18 00:00:00,6901766,2.0
750,5.62,42.573,2018-03-19 00:00:00,6902879,8.0
751,6.961,38.124,2018-03-19 00:00:00,6902688,-9999.0
752,10.568,40.005,2018-03-19 00:00:00,6901767,1.0
753,26.537,32.018,2018-03-22 00:00:00,6901764,1.0
754,35.36,33.809,2018-03-22 00:00:00,6903222,-9999.0
755,17.502,35.291,2018-03-23 00:00:00,6903237,-9999.0
756,6.94,37.929,2018-03-24 00:00:00,6902688,-9999.0
757,16.826,37.003,2018-03-24 00:00:00,6901768,1.0
758,33.227,33.428,2018-03-24 00:00:00,6901773,2.0
759,22.188,36.127,2018-03-26 00:00:00,6901765,1.0
760,35.357,33.818,2018-03-27 00:00:00,6903222,-9999.0
761,13.53,39.309,2018-03-28 00:00:00,6903238,-9999.0
762,18.245,35.623,2018-03-28 00:00:00,6903237,-9999.0
763,7.222,37.808,2018-03-29 00:00:00,6902688,-9999.0
764,27.269,31.928,2018-03-29 00:00:00,6901764,1.0
765,33.273,33.386,2018-03-31 00:00:00,6901773,2.0
766,28.038,31.664,2018-04-01 00:00:00,6901766,2.0
767,35.362,33.811,2018-04-01 00:00:00,6903222,-9999.0
768,10.596,39.901,2018-04-02 00:00:00,6901767,1.0
769,13.497,39.396,2018-04-02 00:00:00,6903238,-9999.0
770,18.841,35.253,2018-04-02 00:00:00,6903237,-9999.0
771,22.275,36.177,2018-04-02 00:00:00,6901765,1.0
772,26.365,34.572,2018-04-03 00:00:00,6901770,1.0
773,27.816,32.052,2018-04-05 00:00:00,6901764,1.0
774,35.436,33.883,2018-04-06 00:00:00,6903222,-9999.0
775,13.646,39.469,2018-04-07 00:00:00,6903238,-9999.0
776,16.653,37.281,2018-04-07 00:00:00,6901768,1.0
777,18.654,34.899,2018-04-07 00:00:00,6903237,-9999.0
778,33.289,33.28,2018-04-07 00:00:00,6901773,2.0
779,6.145,42.254,2018-04-08 00:00:00,6902879,8.0
780,7.541,38.074,2018-04-08 00:00:00,6902688,-9999.0
781,28.297,31.669,2018-04-08 00:00:00,6901766,2.0
782,5.844,42.197,2018-04-09 00:00:00,6902803,-9999.0
783,10.512,39.897,2018-04-09 00:00:00,6901767,1.0
784,22.213,36.214,2018-04-09 00:00:00,6901765,1.0
785,5.83,42.258,2018-04-10 00:00:00,6902687,-9999.0
786,6.269,42.176,2018-04-10 00:00:00,6902879,8.0
787,26.326,34.559,2018-04-10 00:00:00,6901770,1.0
788,5.888,42.067,2018-04-11 00:00:00,6902803,-9999.0
789,6.411,42.155,2018-04-12 00:00:00,6902879,8.0
790,13.681,39.594,2018-04-12 00:00:00,6903238,-9999.0
791,18.654,34.792,2018-04-12 00:00:00,6903237,-9999.0
792,28.193,32.286,2018-04-12 00:00:00,6901764,1.0
793,7.481,38.168,2018-04-13 00:00:00,6902688,-9999.0
794,6.55,42.2,2018-04-14 00:00:00,6902879,8.0
795,16.864,37.259,2018-04-14 00:00:00,6901768,1.0
796,33.207,33.274,2018-04-14 00:00:00,6901773,2.0
797,6.589,42.25,2018-04-15 00:00:00,6902879,8.0
798,28.273,31.712,2018-04-15 00:00:00,6901766,2.0
799,6.638,42.307,2018-04-16 00:00:00,6902879,8.0
800,10.425,39.911,2018-04-16 00:00:00,6901767,1.0
801,22.111,36.167,2018-04-16 00:00:00,6901765,1.0
802,13.668,39.687,2018-04-17 00:00:00,6903238,-9999.0
803,18.708,34.692,2018-04-17 00:00:00,6903237,-9999.0
804,26.308,34.555,2018-04-17 00:00:00,6901770,1.0
805,7.504,38.244,2018-04-18 00:00:00,6902688,-9999.0
806,28.293,32.662,2018-04-19 00:00:00,6901764,1.0
807,6.116,40.657,2018-04-21 00:00:00,6902804,-9999.0
808,16.604,36.943,2018-04-21 00:00:00,6901768,1.0
809,33.217,33.311,2018-04-21 00:00:00,6901773,2.0
810,13.609,39.798,2018-04-22 00:00:00,6903238,-9999.0
811,18.833,34.594,2018-04-22 00:00:00,6903237,-9999.0
812,28.275,31.735,2018-04-22 00:00:00,6901766,2.0
813,7.624,38.198,2018-04-23 00:00:00,6902688,-9999.0
814,10.495,39.93,2018-04-23 00:00:00,6901767,1.0
815,21.928,36.005,2018-04-23 00:00:00,6901765,1.0
816,26.24,34.547,2018-04-24 00:00:00,6901770,1.0
817,6.201,42.168,2018-04-25 00:00:00,6902803,-9999.0
818,28.26,33.044,2018-04-26 00:00:00,6901764,1.0
819,18.945,34.484,2018-04-27 00:00:00,6903237,-9999.0
820,7.766,38.17,2018-04-28 00:00:00,6902688,-9999.0
821,16.007,37.018,2018-04-28 00:00:00,6901768,1.0
822,33.283,33.277,2018-04-28 00:00:00,6901773,2.0
823,28.387,31.816,2018-04-29 00:00:00,6901766,2.0
824,6.135,41.798,2018-04-30 00:00:00,6902687,-9999.0
825,21.642,36.055,2018-04-30 00:00:00,6901765,1.0
826,26.23,34.511,2018-05-01 00:00:00,6901770,1.0
827,18.99,34.399,2018-05-02 00:00:00,6903237,-9999.0
828,7.836,38.172,2018-05-03 00:00:00,6902688,-9999.0
829,28.101,33.322,2018-05-03 00:00:00,6901764,1.0
830,6.501,41.926,2018-05-05 00:00:00,6902687,-9999.0
831,33.304,33.162,2018-05-05 00:00:00,6901773,2.0
832,28.429,31.894,2018-05-06 00:00:00,6901766,2.0
833,10.434,40.072,2018-05-07 00:00:00,6901767,1.0
834,19.08,34.257,2018-05-07 00:00:00,6903237,-9999.0
835,21.587,36.327,2018-05-07 00:00:00,6901765,1.0
836,7.942,38.051,2018-05-08 00:00:00,6902688,-9999.0
837,26.292,34.525,2018-05-08 00:00:00,6901770,1.0
838,5.829,42.037,2018-05-10 00:00:00,6902687,-9999.0
839,6.316,40.827,2018-05-10 00:00:00,6902804,-9999.0
840,27.896,33.489,2018-05-10 00:00:00,6901764,1.0
841,16.467,37.051,2018-05-12 00:00:00,6901768,1.0
842,19.138,34.085,2018-05-12 00:00:00,6903237,-9999.0
843,33.275,33.097,2018-05-12 00:00:00,6901773,2.0
844,7.961,37.968,2018-05-13 00:00:00,6902688,-9999.0
845,28.302,31.869,2018-05-13 00:00:00,6901766,2.0
846,10.401,40.095,2018-05-14 00:00:00,6901767,1.0
847,21.855,36.409,2018-05-14 00:00:00,6901765,1.0
848,5.882,40.539,2018-05-15 00:00:00,6902804,-9999.0
849,26.341,34.585,2018-05-15 00:00:00,6901770,1.0
850,19.263,33.811,2018-05-17 00:00:00,6903237,-9999.0
851,27.875,33.602,2018-05-17 00:00:00,6901764,1.0
852,7.872,37.687,2018-05-18 00:00:00,6902688,-9999.0
853,33.273,33.137,2018-05-19 00:00:00,6901773,2.0
854,5.931,40.227,2018-05-20 00:00:00,6902804,-9999.0
855,28.365,31.828,2018-05-20 00:00:00,6901766,2.0
856,22.135,36.271,2018-05-21 00:00:00,6901765,1.0
857,19.414,33.619,2018-05-22 00:00:00,6903237,-9999.0
858,26.209,34.593,2018-05-22 00:00:00,6901770,1.0
859,7.851,37.529,2018-05-23 00:00:00,6902688,-9999.0
860,28.201,33.683,2018-05-24 00:00:00,6901764,1.0
861,6.445,40.122,2018-05-25 00:00:00,6902804,-9999.0
862,33.272,33.148,2018-05-26 00:00:00,6901773,2.0
863,13.221,40.571,2018-05-27 00:00:00,6903238,-9999.0
864,19.541,33.485,2018-05-27 00:00:00,6903237,-9999.0
865,28.477,31.693,2018-05-27 00:00:00,6901766,2.0
866,7.759,37.434,2018-05-28 00:00:00,6902688,-9999.0
867,22.132,36.032,2018-05-28 00:00:00,6901765,1.0
868,26.006,34.394,2018-05-29 00:00:00,6901770,1.0
869,6.728,40.5,2018-05-30 00:00:00,6902804,-9999.0
870,28.459,33.554,2018-05-31 00:00:00,6901764,1.0
871,19.671,33.349,2018-06-01 00:00:00,6903237,-9999.0
872,8.072,37.419,2018-06-02 00:00:00,6902688,-9999.0
873,33.225,33.158,2018-06-02 00:00:00,6901773,2.0
874,28.566,31.627,2018-06-03 00:00:00,6901766,2.0
875,5.947,42.193,2018-06-04 00:00:00,6902687,-9999.0
876,6.581,40.711,2018-06-04 00:00:00,6902804,-9999.0
877,10.258,39.985,2018-06-04 00:00:00,6901767,1.0
878,21.832,35.844,2018-06-04 00:00:00,6901765,1.0
879,26.18,34.37,2018-06-05 00:00:00,6901770,1.0
880,13.17,40.693,2018-06-06 00:00:00,6903238,-9999.0
881,19.853,33.235,2018-06-06 00:00:00,6903237,-9999.0
882,8.153,37.566,2018-06-07 00:00:00,6902688,-9999.0
883,28.57,33.587,2018-06-07 00:00:00,6901764,8.0
884,6.001,42.066,2018-06-09 00:00:00,6902687,-9999.0
885,6.41,40.836,2018-06-09 00:00:00,6902804,-9999.0
886,33.213,33.124,2018-06-09 00:00:00,6901773,2.0
887,28.626,31.576,2018-06-10 00:00:00,6901766,2.0
888,10.218,39.946,2018-06-11 00:00:00,6901767,1.0
889,13.112,40.774,2018-06-11 00:00:00,6903238,-9999.0
890,19.971,33.168,2018-06-11 00:00:00,6903237,-9999.0
891,21.521,35.935,2018-06-11 00:00:00,6901765,1.0
892,28.591,33.49,2018-06-11 00:00:00,6901764,1.0
893,8.246,37.592,2018-06-12 00:00:00,6902688,-9999.0
894,26.254,34.492,2018-06-12 00:00:00,6901770,1.0
895,28.805,33.408,2018-06-13 00:00:00,6901764,1.0
896,6.547,40.753,2018-06-14 00:00:00,6902804,-9999.0
897,26.222,34.514,2018-06-14 00:00:00,6901770,1.0
898,29.189,33.317,2018-06-15 00:00:00,6901764,1.0
899,15.944,37.232,2018-06-16 00:00:00,6901768,1.0
900,20.031,33.117,2018-06-16 00:00:00,6903237,-9999.0
901,33.284,33.073,2018-06-16 00:00:00,6901773,2.0
902,8.363,37.648,2018-06-17 00:00:00,6902688,-9999.0
903,28.655,31.597,2018-06-17 00:00:00,6901766,2.0
904,10.203,39.864,2018-06-18 00:00:00,6901767,1.0
905,15.965,37.296,2018-06-18 00:00:00,6901768,1.0
906,6.677,40.447,2018-06-19 00:00:00,6902804,-9999.0
907,10.215,39.845,2018-06-19 00:00:00,6901767,1.0
908,23.324,34.591,2018-06-19 00:00:00,6901775,-9999.0
909,10.221,39.825,2018-06-20 00:00:00,6901767,1.0
910,20.547,36.699,2018-06-20 00:00:00,6901772,-9999.0
911,23.328,34.593,2018-06-20 00:00:00,6901775,-9999.0
912,10.233,39.822,2018-06-21 00:00:00,6901767,1.0
913,20.132,33.081,2018-06-21 00:00:00,6903237,-9999.0
914,20.574,36.685,2018-06-21 00:00:00,6901772,-9999.0
915,23.34,34.597,2018-06-21 00:00:00,6901775,-9999.0
916,8.393,37.717,2018-06-22 00:00:00,6902688,-9999.0
917,10.25,39.825,2018-06-22 00:00:00,6901767,1.0
918,20.6,36.675,2018-06-22 00:00:00,6901772,-9999.0
919,23.341,34.599,2018-06-22 00:00:00,6901775,-9999.0
920,29.666,33.584,2018-06-22 00:00:00,6901764,1.0
921,10.258,39.827,2018-06-23 00:00:00,6901767,1.0
922,20.643,36.655,2018-06-23 00:00:00,6901772,-9999.0
923,23.343,34.602,2018-06-23 00:00:00,6901775,-9999.0
924,33.333,33.034,2018-06-23 00:00:00,6901773,2.0
925,6.399,40.22,2018-06-24 00:00:00,6902804,-9999.0
926,20.676,36.622,2018-06-24 00:00:00,6901772,-9999.0
927,23.344,34.604,2018-06-24 00:00:00,6901775,-9999.0
928,28.638,31.568,2018-06-24 00:00:00,6901766,2.0
929,7.495,38.654,2018-06-25 00:00:00,6901774,-9999.0
930,20.684,36.582,2018-06-25 00:00:00,6901772,-9999.0
931,23.346,34.616,2018-06-25 00:00:00,6901775,-9999.0
932,7.507,38.574,2018-06-26 00:00:00,6901774,-9999.0
933,12.62,40.951,2018-06-26 00:00:00,6903238,-9999.0
934,20.164,33.054,2018-06-26 00:00:00,6903237,-9999.0
935,20.688,36.548,2018-06-26 00:00:00,6901772,-9999.0
936,23.359,34.629,2018-06-26 00:00:00,6901775,-9999.0
937,7.501,38.5,2018-06-27 00:00:00,6901774,-9999.0
938,8.343,37.817,2018-06-27 00:00:00,6902688,-9999.0
939,20.695,36.517,2018-06-27 00:00:00,6901772,8.0
940,23.376,34.628,2018-06-27 00:00:00,6901775,-9999.0
941,23.794,39.79,2018-06-27 00:00:00,6903283,-9999.0
942,7.504,38.439,2018-06-28 00:00:00,6901774,-9999.0
943,20.716,36.48,2018-06-28 00:00:00,6901772,-9999.0
944,23.39,34.632,2018-06-28 00:00:00,6901775,-9999.0
945,6.055,40.358,2018-06-29 00:00:00,6902804,-9999.0
946,7.521,38.372,2018-06-29 00:00:00,6901774,-9999.0
947,20.71,36.427,2018-06-29 00:00:00,6901772,-9999.0
948,23.4,34.641,2018-06-29 00:00:00,6901775,-9999.0
949,29.554,33.825,2018-06-29 00:00:00,6901764,1.0
950,7.526,38.295,2018-06-30 00:00:00,6901774,-9999.0
951,20.674,36.383,2018-06-30 00:00:00,6901772,-9999.0
952,23.409,34.652,2018-06-30 00:00:00,6901775,-9999.0
953,33.405,32.988,2018-06-30 00:00:00,6901773,2.0
954,12.566,40.935,2018-07-01 00:00:00,6903238,-9999.0
955,20.259,32.994,2018-07-01 00:00:00,6903237,-9999.0
956,28.616,31.52,2018-07-01 00:00:00,6901766,2.0
957,5.809,42.065,2018-07-04 00:00:00,6902687,-9999.0
958,6.081,40.424,2018-07-04 00:00:00,6902804,-9999.0
959,20.548,36.335,2018-07-04 00:00:00,6901772,8.0
960,23.411,34.684,2018-07-05 00:00:00,6901775,-9999.0
961,12.672,40.897,2018-07-06 00:00:00,6903238,-9999.0
962,20.326,32.973,2018-07-06 00:00:00,6903237,-9999.0
963,29.355,33.904,2018-07-06 00:00:00,6901764,1.0
964,33.45,32.952,2018-07-07 00:00:00,6901773,2.0
965,20.439,36.343,2018-07-08 00:00:00,6901772,8.0
966,28.695,31.479,2018-07-08 00:00:00,6901766,2.0
967,5.28,42.025,2018-07-09 00:00:00,6902687,-9999.0
968,6.309,40.297,2018-07-09 00:00:00,6902804,-9999.0
969,12.678,40.769,2018-07-11 00:00:00,6903238,-9999.0
970,20.448,32.945,2018-07-11 00:00:00,6903237,-9999.0
971,29.196,33.893,2018-07-13 00:00:00,6901764,1.0
972,4.935,41.88,2018-07-14 00:00:00,6902687,-9999.0
973,33.463,32.98,2018-07-14 00:00:00,6901773,2.0
974,28.686,31.465,2018-07-15 00:00:00,6901766,2.0
975,20.466,32.933,2018-07-16 00:00:00,6903237,-9999.0
976,4.881,41.861,2018-07-19 00:00:00,6902687,-9999.0
977,23.291,34.725,2018-07-20 00:00:00,6901775,-9999.0
978,29.023,33.858,2018-07-20 00:00:00,6901764,1.0
979,20.445,32.957,2018-07-21 00:00:00,6903237,-9999.0
980,33.496,32.871,2018-07-21 00:00:00,6901773,2.0
981,28.714,31.435,2018-07-22 00:00:00,6901766,2.0
982,20.372,36.565,2018-07-23 00:00:00,6901772,8.0
983,5.272,41.713,2018-07-24 00:00:00,6902687,-9999.0
984,20.422,32.993,2018-07-26 00:00:00,6903237,-9999.0
985,12.726,39.161,2018-07-27 00:00:00,6902903,1.0
986,23.257,34.752,2018-07-27 00:00:00,6901775,-9999.0
987,23.369,39.572,2018-07-27 00:00:00,6903283,-9999.0
988,28.983,33.787,2018-07-27 00:00:00,6901764,1.0
989,33.493,32.915,2018-07-28 00:00:00,6901773,2.0
990,5.15,41.637,2018-07-29 00:00:00,6902687,-9999.0
991,28.774,31.437,2018-07-29 00:00:00,6901766,2.0
992,20.467,36.645,2018-07-30 00:00:00,6901772,8.0
993,20.36,33.02,2018-07-31 00:00:00,6903237,-9999.0
994,4.836,41.612,2018-08-03 00:00:00,6902687,-9999.0
995,12.734,39.153,2018-08-03 00:00:00,6902903,1.0
996,23.271,34.775,2018-08-03 00:00:00,6901775,-9999.0
997,29.079,33.767,2018-08-03 00:00:00,6901764,1.0
998,33.492,32.931,2018-08-04 00:00:00,6901773,2.0
999,20.227,33.031,2018-08-05 00:00:00,6903237,-9999.0
1000,20.612,36.642,2018-08-06 00:00:00,6901772,8.0
1001,23.422,39.391,2018-08-06 00:00:00,6903283,-9999.0
1002,4.443,41.445,2018-08-08 00:00:00,6902687,-9999.0
1003,20.054,33.05,2018-08-10 00:00:00,6903237,-9999.0
1004,23.334,34.81,2018-08-10 00:00:00,6901775,-9999.0
1005,29.366,33.557,2018-08-10 00:00:00,6901764,1.0
1006,23.457,39.383,2018-08-11 00:00:00,6903283,-9999.0
1007,33.488,32.861,2018-08-11 00:00:00,6901773,2.0
1008,28.75,31.384,2018-08-12 00:00:00,6901766,2.0
1009,4.36,41.326,2018-08-13 00:00:00,6902687,-9999.0
1010,20.754,36.506,2018-08-13 00:00:00,6901772,8.0
1011,20.012,33.068,2018-08-15 00:00:00,6903237,-9999.0
1012,23.592,39.432,2018-08-16 00:00:00,6903283,-9999.0
1013,23.396,34.812,2018-08-17 00:00:00,6901775,-9999.0
1014,29.783,33.439,2018-08-17 00:00:00,6901764,1.0
1015,4.652,41.2,2018-08-18 00:00:00,6902687,-9999.0
1016,33.483,32.891,2018-08-18 00:00:00,6901773,2.0
1017,7.95,37.482,2018-08-19 00:00:00,6901774,-9999.0
1018,28.77,31.314,2018-08-19 00:00:00,6901766,2.0
1019,20.025,33.036,2018-08-20 00:00:00,6903237,-9999.0
1020,20.774,36.371,2018-08-20 00:00:00,6901772,8.0
1021,4.955,41.242,2018-08-23 00:00:00,6902687,-9999.0
1022,23.483,34.778,2018-08-24 00:00:00,6901775,-9999.0
1023,30.018,33.564,2018-08-24 00:00:00,6901764,1.0
1024,19.987,33.069,2018-08-25 00:00:00,6903237,-9999.0
1025,33.506,32.898,2018-08-25 00:00:00,6901773,2.0
1026,8.157,37.726,2018-08-26 00:00:00,6901774,-9999.0
1027,28.846,31.271,2018-08-26 00:00:00,6901766,2.0
1028,20.732,36.317,2018-08-27 00:00:00,6901772,8.0
1029,5.009,41.105,2018-08-28 00:00:00,6902687,-9999.0
1030,19.956,33.106,2018-08-30 00:00:00,6903237,-9999.0
1031,23.4,34.754,2018-08-31 00:00:00,6901775,-9999.0
1032,30.056,33.754,2018-08-31 00:00:00,6901764,1.0
1033,33.496,32.871,2018-09-01 00:00:00,6901773,
1034,5.044,40.973,2018-09-02 00:00:00,6902687,-9999.0
1035,8.113,38.021,2018-09-02 00:00:00,6901774,-9999.0
1036,28.828,31.275,2018-09-02 00:00:00,6901766,2.0
1037,20.7,36.286,2018-09-03 00:00:00,6901772,8.0
1038,19.873,33.156,2018-09-04 00:00:00,6903237,-9999.0
1039,5.048,40.831,2018-09-07 00:00:00,6902687,-9999.0
1040,23.355,34.767,2018-09-07 00:00:00,6901775,-9999.0
1041,30.029,33.855,2018-09-07 00:00:00,6901764,1.0
1042,33.452,32.974,2018-09-08 00:00:00,6901773,2.0
1043,7.944,38.415,2018-09-09 00:00:00,6901774,-9999.0
1044,19.853,33.178,2018-09-09 00:00:00,6903237,-9999.0
1045,28.871,31.256,2018-09-09 00:00:00,6901766,2.0
1046,20.682,36.272,2018-09-10 00:00:00,6901772,8.0
1047,5.091,40.783,2018-09-12 00:00:00,6902687,-9999.0
1048,19.778,33.555,2018-09-14 00:00:00,6903237,-9999.0
1049,23.357,34.739,2018-09-14 00:00:00,6901775,-9999.0
1050,30.133,33.869,2018-09-14 00:00:00,6901764,1.0
1051,33.474,32.983,2018-09-15 00:00:00,6901773,2.0
1052,7.523,38.782,2018-09-16 00:00:00,6901774,-9999.0
1053,28.907,31.208,2018-09-16 00:00:00,6901766,2.0
1054,5.103,40.936,2018-09-17 00:00:00,6902687,-9999.0
1055,20.671,36.259,2018-09-17 00:00:00,6901772,8.0
1056,19.595,33.676,2018-09-19 00:00:00,6903237,-9999.0
1057,12.685,39.148,2018-09-21 00:00:00,6902903,1.0
1058,23.335,34.685,2018-09-21 00:00:00,6901775,-9999.0
1059,30.23,33.815,2018-09-21 00:00:00,6901764,8.0
1060,5.073,41.035,2018-09-22 00:00:00,6902687,-9999.0
1061,33.47,32.928,2018-09-22 00:00:00,6901773,2.0
1062,7.118,38.92,2018-09-23 00:00:00,6901774,-9999.0
1063,28.905,31.221,2018-09-23 00:00:00,6901766,2.0
1064,19.823,33.82,2018-09-24 00:00:00,6903237,-9999.0
1065,20.709,36.222,2018-09-24 00:00:00,6901772,8.0
1066,5.196,41.105,2018-09-27 00:00:00,6902687,-9999.0
1067,23.266,34.666,2018-09-28 00:00:00,6901775,-9999.0
1068,30.281,33.706,2018-09-28 00:00:00,6901764,1.0
1069,19.997,33.83,2018-09-29 00:00:00,6903237,-9999.0
1070,33.479,32.952,2018-09-29 00:00:00,6901773,2.0
1071,6.717,38.918,2018-09-30 00:00:00,6901774,-9999.0
1072,28.963,31.252,2018-09-30 00:00:00,6901766,2.0
1073,20.942,36.068,2018-10-01 00:00:00,6901772,8.0
1074,5.384,41.172,2018-10-02 00:00:00,6902687,-9999.0
1075,20.248,33.617,2018-10-04 00:00:00,6903237,-9999.0
1076,12.652,39.171,2018-10-05 00:00:00,6902903,1.0
1077,23.177,34.658,2018-10-05 00:00:00,6901775,-9999.0
1078,30.271,33.54,2018-10-05 00:00:00,6901764,1.0
1079,33.626,32.929,2018-10-06 00:00:00,6901773,2.0
1080,5.472,41.143,2018-10-07 00:00:00,6902687,-9999.0
1081,6.354,38.973,2018-10-07 00:00:00,6901774,-9999.0
1082,18.216,39.112,2018-10-07 00:00:00,6903249,1.0
1083,28.992,31.308,2018-10-07 00:00:00,6901766,2.0
1084,18.235,39.145,2018-10-08 00:00:00,6903249,1.0
1085,21.106,36.017,2018-10-08 00:00:00,6901772,8.0
1086,18.245,39.168,2018-10-09 00:00:00,6903249,1.0
1087,20.207,33.381,2018-10-09 00:00:00,6903237,-9999.0
1088,17.708,41.821,2018-10-10 00:00:00,6903250,1.0
1089,17.673,41.83,2018-10-11 00:00:00,6903250,1.0
1090,5.414,41.086,2018-10-12 00:00:00,6902687,-9999.0
1091,12.626,39.205,2018-10-12 00:00:00,6902903,1.0
1092,17.621,41.838,2018-10-12 00:00:00,6903250,1.0
1093,18.27,39.219,2018-10-12 00:00:00,6903249,1.0
1094,23.145,34.577,2018-10-12 00:00:00,6901775,-9999.0
1095,30.096,33.45,2018-10-12 00:00:00,6901764,1.0
1096,17.547,41.828,2018-10-13 00:00:00,6903250,1.0
1097,18.297,39.227,2018-10-13 00:00:00,6903249,1.0
1098,33.807,32.865,2018-10-13 00:00:00,6901773,2.0
1099,6.063,39.072,2018-10-14 00:00:00,6901774,-9999.0
1100,17.47,41.815,2018-10-14 00:00:00,6903250,1.0
1101,18.318,39.222,2018-10-14 00:00:00,6903249,1.0
1102,19.924,33.314,2018-10-14 00:00:00,6903237,-9999.0
1103,29.006,31.324,2018-10-14 00:00:00,6901766,2.0
1104,17.426,41.803,2018-10-15 00:00:00,6903250,1.0
1105,18.32,39.245,2018-10-15 00:00:00,6903249,1.0
1106,21.103,36.044,2018-10-15 00:00:00,6901772,8.0
1107,23.474,39.554,2018-10-15 00:00:00,6903283,-9999.0
1108,17.394,41.785,2018-10-16 00:00:00,6903250,1.0
1109,18.345,39.276,2018-10-16 00:00:00,6903249,1.0
1110,5.411,41.106,2018-10-17 00:00:00,6902687,-9999.0
1111,17.375,41.779,2018-10-17 00:00:00,6903250,1.0
1112,18.369,39.285,2018-10-17 00:00:00,6903249,1.0
1113,17.373,41.757,2018-10-18 00:00:00,6903250,1.0
1114,18.38,39.284,2018-10-18 00:00:00,6903249,1.0
1115,12.634,39.208,2018-10-19 00:00:00,6902903,1.0
1116,17.383,41.733,2018-10-19 00:00:00,6903250,1.0
1117,18.412,39.302,2018-10-19 00:00:00,6903249,1.0
1118,19.473,33.47,2018-10-19 00:00:00,6903237,-9999.0
1119,23.12,34.503,2018-10-19 00:00:00,6901775,-9999.0
1120,29.987,33.596,2018-10-19 00:00:00,6901764,1.0
1121,17.406,41.708,2018-10-20 00:00:00,6903250,1.0
1122,18.437,39.299,2018-10-20 00:00:00,6903249,1.0
1123,23.588,39.303,2018-10-20 00:00:00,6903283,-9999.0
1124,33.925,32.847,2018-10-20 00:00:00,6901773,2.0
1125,5.794,39.162,2018-10-21 00:00:00,6901774,-9999.0
1126,17.431,41.698,2018-10-21 00:00:00,6903250,1.0
1127,18.445,39.284,2018-10-21 00:00:00,6903249,1.0
1128,28.997,31.306,2018-10-21 00:00:00,6901766,2.0
1129,17.472,41.678,2018-10-22 00:00:00,6903250,1.0
1130,18.439,39.28,2018-10-22 00:00:00,6903249,1.0
1131,21.089,36.052,2018-10-22 00:00:00,6901772,8.0
1132,28.212,35.587,2018-10-22 00:00:00,6902900,1.0
1133,28.275,35.097,2018-10-22 00:00:00,6902904,8.0
1134,17.522,41.686,2018-10-23 00:00:00,6903250,1.0
1135,18.445,39.293,2018-10-23 00:00:00,6903249,1.0
1136,28.193,35.545,2018-10-23 00:00:00,6902900,1.0
1137,28.288,35.074,2018-10-23 00:00:00,6902904,8.0
1138,17.579,41.695,2018-10-24 00:00:00,6903250,1.0
1139,18.445,39.279,2018-10-24 00:00:00,6903249,1.0
1140,18.979,33.89,2018-10-24 00:00:00,6903237,-9999.0
1141,28.173,35.506,2018-10-24 00:00:00,6902900,1.0
1142,28.215,35.561,2018-10-24 00:00:00,6902872,-9999.0
1143,28.274,35.089,2018-10-24 00:00:00,6902874,-9999.0
1144,28.299,35.063,2018-10-24 00:00:00,6902904,8.0
1145,18.456,39.273,2018-10-25 00:00:00,6903249,1.0
1146,28.157,35.469,2018-10-25 00:00:00,6902900,1.0
1147,28.325,35.044,2018-10-25 00:00:00,6902904,8.0
1148,12.634,39.2,2018-10-26 00:00:00,6902903,1.0
1149,23.101,34.525,2018-10-26 00:00:00,6901775,-9999.0
1150,28.145,35.421,2018-10-26 00:00:00,6902900,1.0
1151,28.347,35.01,2018-10-26 00:00:00,6902904,8.0
1152,29.812,33.896,2018-10-26 00:00:00,6901764,1.0
1153,28.148,35.392,2018-10-27 00:00:00,6902900,1.0
1154,28.366,34.994,2018-10-27 00:00:00,6902904,8.0
1155,34.011,32.87,2018-10-27 00:00:00,6901773,2.0
1156,29.107,31.374,2018-10-28 00:00:00,6901766,2.0
1157,17.814,41.715,2018-10-29 00:00:00,6903250,1.0
1158,18.691,34.14,2018-10-29 00:00:00,6903237,-9999.0
1159,21.046,36.172,2018-10-29 00:00:00,6901772,8.0
1160,28.228,35.462,2018-10-29 00:00:00,6902872,-9999.0
1161,28.31,35.053,2018-10-29 00:00:00,6902874,-9999.0
1162,28.371,34.979,2018-10-29 00:00:00,6902904,8.0
1163,18.474,39.228,2018-10-30 00:00:00,6903249,1.0
1164,28.172,35.36,2018-10-30 00:00:00,6902900,1.0
1165,23.067,34.835,2018-10-31 00:00:00,6903246,-9999.0
1166,28.38,34.988,2018-10-31 00:00:00,6902904,8.0
1167,6.119,40.08,2018-11-01 00:00:00,6902804,-9999.0
1168,23.033,34.53,2018-11-02 00:00:00,6901775,-9999.0
1169,28.139,35.322,2018-11-02 00:00:00,6902900,1.0
1170,18.011,41.804,2018-11-03 00:00:00,6903250,1.0
1171,28.281,35.367,2018-11-03 00:00:00,6902872,-9999.0
1172,28.372,35.073,2018-11-03 00:00:00,6902874,-9999.0
1173,34.078,32.903,2018-11-03 00:00:00,6901773,2.0
1174,18.478,39.203,2018-11-04 00:00:00,6903249,1.0
1175,29.165,31.449,2018-11-04 00:00:00,6901766,2.0
1176,21.024,36.289,2018-11-05 00:00:00,6901772,8.0
1177,22.861,34.835,2018-11-05 00:00:00,6903246,-9999.0
1178,28.135,35.305,2018-11-05 00:00:00,6902900,1.0
1179,6.186,39.933,2018-11-06 00:00:00,6902804,-9999.0
1180,28.483,35.041,2018-11-07 00:00:00,6902904,8.0
1181,18.09,41.896,2018-11-08 00:00:00,6903250,1.0
1182,28.108,35.265,2018-11-08 00:00:00,6902900,1.0
1183,28.214,35.268,2018-11-08 00:00:00,6902872,-9999.0
1184,28.413,35.108,2018-11-08 00:00:00,6902874,-9999.0
1185,12.641,39.22,2018-11-09 00:00:00,6902903,1.0
1186,18.614,39.154,2018-11-09 00:00:00,6903249,1.0
1187,23.018,34.528,2018-11-09 00:00:00,6901775,-9999.0
1188,29.204,33.817,2018-11-09 00:00:00,6901764,1.0
1189,22.7,34.815,2018-11-10 00:00:00,6903246,-9999.0
1190,34.057,32.874,2018-11-10 00:00:00,6901773,2.0
1191,6.194,39.803,2018-11-11 00:00:00,6902804,-9999.0
1192,28.077,35.238,2018-11-11 00:00:00,6902900,1.0
1193,29.188,31.466,2018-11-11 00:00:00,6901766,2.0
1194,21.009,36.341,2018-11-12 00:00:00,6901772,8.0
1195,17.861,42.018,2018-11-13 00:00:00,6903250,1.0
1196,28.137,35.22,2018-11-13 00:00:00,6902872,-9999.0
1197,28.45,35.113,2018-11-13 00:00:00,6902874,-9999.0
1198,7.395,39.275,2018-11-14 00:00:00,6901657,-9999.0
1199,18.658,39.118,2018-11-14 00:00:00,6903249,1.0
1200,28.039,35.158,2018-11-14 00:00:00,6902900,1.0
1201,28.598,35.128,2018-11-14 00:00:00,6902904,8.0
1202,6.171,39.725,2018-11-16 00:00:00,6902804,-9999.0
1203,12.63,39.209,2018-11-16 00:00:00,6902903,1.0
1204,23.016,34.493,2018-11-16 00:00:00,6901775,-9999.0
1205,29.052,33.843,2018-11-16 00:00:00,6901764,1.0
1206,28.016,35.069,2018-11-17 00:00:00,6902900,1.0
1207,34.026,32.856,2018-11-17 00:00:00,6901773,2.0
1208,17.602,41.967,2018-11-18 00:00:00,6903250,1.0
1209,28.058,35.17,2018-11-18 00:00:00,6902872,-9999.0
1210,28.473,35.115,2018-11-18 00:00:00,6902874,-9999.0
1211,29.263,31.475,2018-11-18 00:00:00,6901766,2.0
1212,18.646,39.122,2018-11-19 00:00:00,6903249,1.0
1213,20.969,36.36,2018-11-19 00:00:00,6901772,8.0
1214,27.907,35.054,2018-11-20 00:00:00,6902900,1.0
1215,6.16,39.753,2018-11-21 00:00:00,6902804,-9999.0
1216,28.695,35.158,2018-11-21 00:00:00,6902904,8.0
1217,12.634,39.211,2018-11-23 00:00:00,6902903,1.0
1218,17.59,41.921,2018-11-23 00:00:00,6903250,1.0
1219,23.054,34.493,2018-11-23 00:00:00,6901775,-9999.0
1220,27.827,35.133,2018-11-23 00:00:00,6902900,1.0
1221,28.014,35.084,2018-11-23 00:00:00,6902872,-9999.0
1222,28.504,35.133,2018-11-23 00:00:00,6902874,-9999.0
1223,28.851,33.941,2018-11-23 00:00:00,6901764,1.0
1224,18.564,39.194,2018-11-24 00:00:00,6903249,1.0
1225,34.026,32.876,2018-11-24 00:00:00,6901773,2.0
1226,29.334,31.489,2018-11-25 00:00:00,6901766,2.0
1227,6.173,39.849,2018-11-26 00:00:00,6902804,-9999.0
1228,20.907,36.38,2018-11-26 00:00:00,6901772,8.0
1229,27.768,35.156,2018-11-26 00:00:00,6902900,1.0
1230,17.55,41.925,2018-11-28 00:00:00,6903250,1.0
1231,27.886,35.095,2018-11-28 00:00:00,6902872,-9999.0
1232,28.526,35.153,2018-11-28 00:00:00,6902874,-9999.0
1233,28.732,35.134,2018-11-28 00:00:00,6902904,8.0
1234,18.506,39.267,2018-11-29 00:00:00,6903249,1.0
1235,27.723,35.118,2018-11-29 00:00:00,6902900,1.0
1236,12.613,39.209,2018-11-30 00:00:00,6902903,1.0
1237,23.07,34.514,2018-11-30 00:00:00,6901775,-9999.0
1238,26.909,35.058,2018-11-30 00:00:00,6903247,-9999.0
1239,28.549,34.03,2018-11-30 00:00:00,6901764,1.0
1240,33.989,32.854,2018-12-01 00:00:00,6901773,2.0
1241,27.698,35.074,2018-12-02 00:00:00,6902900,1.0
1242,29.329,31.505,2018-12-02 00:00:00,6901766,2.0
1243,17.585,41.849,2018-12-03 00:00:00,6903250,1.0
1244,20.864,36.378,2018-12-03 00:00:00,6901772,8.0
1245,27.873,35.114,2018-12-03 00:00:00,6902872,-9999.0
1246,28.562,35.157,2018-12-03 00:00:00,6902874,-9999.0
1247,18.44,39.365,2018-12-04 00:00:00,6903249,1.0
1248,22.59,34.407,2018-12-05 00:00:00,6903246,-9999.0
1249,26.976,34.917,2018-12-05 00:00:00,6903247,-9999.0
1250,27.685,35.043,2018-12-05 00:00:00,6902900,1.0
1251,28.714,35.111,2018-12-05 00:00:00,6902904,8.0
1252,12.618,39.214,2018-12-07 00:00:00,6902903,1.0
1253,23.083,34.514,2018-12-07 00:00:00,6901775,-9999.0
1254,28.611,34.023,2018-12-07 00:00:00,6901764,1.0
1255,17.645,41.742,2018-12-08 00:00:00,6903250,1.0
1256,19.225,34.944,2018-12-08 00:00:00,6903237,-9999.0
1257,27.663,35.007,2018-12-08 00:00:00,6902900,1.0
1258,27.841,35.166,2018-12-08 00:00:00,6902872,-9999.0
1259,28.564,35.149,2018-12-08 00:00:00,6902874,-9999.0
1260,33.952,32.862,2018-12-08 00:00:00,6901773,2.0
1261,18.26,39.449,2018-12-09 00:00:00,6903249,1.0
1262,23.552,39.467,2018-12-09 00:00:00,6903283,-9999.0
1263,29.405,31.548,2018-12-09 00:00:00,6901766,2.0
1264,20.855,36.308,2018-12-10 00:00:00,6901772,8.0
1265,22.708,34.339,2018-12-10 00:00:00,6903246,-9999.0
1266,26.944,34.727,2018-12-10 00:00:00,6903247,-9999.0
1267,27.623,34.935,2018-12-11 00:00:00,6902900,1.0
1268,28.646,35.111,2018-12-12 00:00:00,6902904,8.0
1269,17.736,41.643,2018-12-13 00:00:00,6903250,1.0
1270,19.175,35.205,2018-12-13 00:00:00,6903237,-9999.0
1271,27.849,35.153,2018-12-13 00:00:00,6902872,-9999.0
1272,12.634,39.236,2018-12-14 00:00:00,6902903,1.0
1273,18.051,39.58,2018-12-14 00:00:00,6903249,1.0
1274,23.093,34.508,2018-12-14 00:00:00,6901775,-9999.0
1275,23.518,39.446,2018-12-14 00:00:00,6903283,-9999.0
1276,28.644,34.041,2018-12-14 00:00:00,6901764,1.0
1277,22.782,34.272,2018-12-15 00:00:00,6903246,-9999.0
1278,26.899,34.589,2018-12-15 00:00:00,6903247,-9999.0
1279,33.869,32.855,2018-12-15 00:00:00,6901773,2.0
1280,7.501,43.281,2018-12-16 00:00:00,6902901,-9999.0
1281,29.444,31.611,2018-12-16 00:00:00,6901766,2.0
1282,20.904,36.196,2018-12-17 00:00:00,6901772,8.0
1283,27.505,34.898,2018-12-17 00:00:00,6902900,1.0
1284,17.822,41.454,2018-12-18 00:00:00,6903250,1.0
1285,19.087,35.371,2018-12-18 00:00:00,6903237,-9999.0
1286,27.785,35.12,2018-12-18 00:00:00,6902872,-9999.0
1287,28.588,35.188,2018-12-18 00:00:00,6902874,-9999.0
1288,7.425,43.251,2018-12-19 00:00:00,6902901,-9999.0
1289,17.925,39.617,2018-12-19 00:00:00,6903249,1.0
1290,23.634,39.287,2018-12-19 00:00:00,6903283,-9999.0
1291,28.685,35.152,2018-12-19 00:00:00,6902904,8.0
1292,22.919,34.202,2018-12-20 00:00:00,6903246,-9999.0
1293,26.883,34.408,2018-12-20 00:00:00,6903247,-9999.0
1294,27.497,34.881,2018-12-20 00:00:00,6902900,1.0
1295,12.62,39.237,2018-12-21 00:00:00,6902903,1.0
1296,23.183,34.537,2018-12-21 00:00:00,6901775,-9999.0
1297,7.421,43.235,2018-12-22 00:00:00,6902901,-9999.0
1298,33.839,32.891,2018-12-22 00:00:00,6901773,2.0
1299,10.151,40.304,2018-12-23 00:00:00,6903238,-9999.0
1300,18.209,41.643,2018-12-23 00:00:00,6903250,1.0
1301,18.983,35.413,2018-12-23 00:00:00,6903237,-9999.0
1302,27.48,34.888,2018-12-23 00:00:00,6902900,1.0
1303,27.695,35.053,2018-12-23 00:00:00,6902872,-9999.0
1304,29.517,31.666,2018-12-23 00:00:00,6901766,2.0
1305,17.59,39.844,2018-12-24 00:00:00,6903249,1.0
1306,21.081,36.105,2018-12-24 00:00:00,6901772,8.0
1307,7.457,43.225,2018-12-25 00:00:00,6902901,-9999.0
1308,23.027,34.146,2018-12-25 00:00:00,6903246,-9999.0
1309,27.47,34.895,2018-12-26 00:00:00,6902900,1.0
1310,10.171,40.344,2018-12-28 00:00:00,6903238,-9999.0
1311,12.586,39.236,2018-12-28 00:00:00,6902903,1.0
1312,18.108,41.927,2018-12-28 00:00:00,6903250,1.0
1313,18.958,35.523,2018-12-28 00:00:00,6903237,-9999.0
1314,23.28,34.575,2018-12-28 00:00:00,6901775,-9999.0
1315,17.265,40.092,2018-12-29 00:00:00,6903249,1.0
1316,23.751,39.268,2018-12-29 00:00:00,6903283,-9999.0
1317,27.437,34.896,2018-12-29 00:00:00,6902900,1.0
1318,33.957,32.924,2018-12-29 00:00:00,6901773,2.0
1319,23.177,34.103,2018-12-30 00:00:00,6903246,-9999.0
1320,7.403,43.173,2018-12-31 00:00:00,6902901,-9999.0
1321,21.215,36.106,2018-12-31 00:00:00,6901772,8.0
